"Län","Gröda","Variabel","Tabelluppgift","2021","2022","2023","2024","2025"
"00 Riket","Höstvete","Areal, hektar","Värde",436330,417760,458750,413830,470840
"00 Riket","Höstvete","Totalskörd, ton","Värde",2877700,3018000,2635900,2708400,3581800
"00 Riket","Vårvete","Areal, hektar","Värde",42800,43810,48780,61190,51690
"00 Riket","Vårvete","Totalskörd, ton","Värde",150100,210700,132300,222200,243100
"00 Riket","Råg","Areal, hektar","Värde",25320,20760,26740,27480,29090
"00 Riket","Råg","Totalskörd, ton","Värde",144500,129200,139400,155500,183600
"00 Riket","Höstkorn","Areal, hektar","Värde",22590,21170,18930,19780,21750
"00 Riket","Höstkorn","Totalskörd, ton","Värde",125800,130200,98100,111000,151600
"00 Riket","Vårkorn","Areal, hektar","Värde",247910,253630,240770,264480,229860
"00 Riket","Vårkorn","Totalskörd, ton","Värde",934600,1379300,757400,1152900,1308100
"00 Riket","Havre","Areal, hektar","Värde",166750,153760,139460,157430,146990
"00 Riket","Havre","Totalskörd, ton","Värde",551200,734800,411500,622500,718600
"00 Riket","Rågvete","Areal, hektar","Värde",29710,28640,29150,24380,33740
"00 Riket","Rågvete","Totalskörd, ton","Värde",153400,162500,120200,124700,199000
"00 Riket","Höstrågvete","Areal, hektar","Värde",28180,26930,27290,22300,31580
"00 Riket","Höstrågvete","Totalskörd, ton","Värde",148600,154800,115400,117600,189800
"00 Riket","Vårrågvete","Areal, hektar","Värde",1530,1710,1860,2080,2160
"00 Riket","Vårrågvete","Totalskörd, ton","Värde",4700,7700,4800,7100,9300
"00 Riket","Blandsäd","Areal, hektar","Värde",10190,12170,6610,11470,8620
"00 Riket","Blandsäd","Totalskörd, ton","Värde",28200,46300,17500,37000,34200
"00 Riket","Majs","Areal, hektar","Värde",1740,1770,1970,2290,2450
"00 Riket","Majs","Totalskörd, ton","Värde",14900,12200,15700,15500,17800
"00 Riket","Spannmål totalt","Areal, hektar","Värde",983340,953470,971150,982350,995040
"00 Riket","Spannmål totalt","Totalskörd, ton","Värde",4980300,5823200,4328100,5149800,6437800
"00 Riket","Ärter","Areal, hektar","Värde",22040,23810,26780,25630,23370
"00 Riket","Ärter","Totalskörd, ton","Värde",55900,86000,54900,74000,85000
"00 Riket","Åkerbönor","Areal, hektar","Värde",20240,22160,19960,16210,14970
"00 Riket","Åkerbönor","Totalskörd, ton","Värde",48800,78600,48300,51700,56600
"00 Riket","Höstraps","Areal, hektar","Värde",96990,110400,108260,75110,95480
"00 Riket","Höstraps","Totalskörd, ton","Värde",328100,387600,277300,239300,363500
"00 Riket","Vårraps","Areal, hektar","Värde",6510,14530,12160,17860,14590
"00 Riket","Vårraps","Totalskörd, ton","Värde",12500,36900,25700,42800,35900
"00 Riket","Höstrybs","Areal, hektar","Värde",1170,460,540,280,450
"00 Riket","Höstrybs","Totalskörd, ton","Värde",1600,500,600,..,..
"00 Riket","Vårrybs","Areal, hektar","Värde",1280,1990,1200,1290,900
"00 Riket","Vårrybs","Totalskörd, ton","Värde",1300,2500,1200,1500,1100
"00 Riket","Stråsädesgrödor (exkl. majs) till grönfoder","Areal, hektar","Värde",44580,32210,57870,37020,35630
"00 Riket","Stråsädesgrödor (exkl. majs) till grönfoder","Totalskörd, ton","Värde",128400,113000,167900,121000,133900
"00 Riket","Majs till grönfoder","Areal, hektar","Värde",19220,20470,23780,27810,35200
"00 Riket","Majs till grönfoder","Totalskörd, ton","Värde",244600,220600,288800,314600,368300
"00 Riket","Andra ettåriga grödor till grönfoder","Areal, hektar","Värde",25350,23870,29930,27410,23310
"00 Riket","Andra ettåriga grödor till grönfoder","Totalskörd, ton","Värde",117400,106400,135000,125000,82400
"00 Riket","Oljelin","Areal, hektar","Värde",3710,5110,3580,2190,2080
"00 Riket","Oljelin","Totalskörd, ton","Värde",5500,8700,4000,4000,4200
"00 Riket","Matpotatis","Areal, hektar","Värde",14940,14910,14450,14480,15540
"00 Riket","Matpotatis","Totalskörd, ton","Värde",457400,499900,458900,476500,546000
"00 Riket","Potatis för stärkelse","Areal, hektar","Värde",8810,8500,8040,9100,10540
"00 Riket","Potatis för stärkelse","Totalskörd, ton","Värde",368600,352300,351000,404000,454600
"00 Riket","Sockerbetor","Areal, hektar","Värde",28600,28909,28750,28429,25378
"00 Riket","Sockerbetor","Totalskörd, ton","Värde",2046600,1871400,1743600,2119000,2036900
"00 Riket","Slåttervall, första skörd","Areal, hektar","Värde",820530,838680,831180,832310,836530
"00 Riket","Slåttervall, första skörd","Totalskörd, ton","Värde",2598100,2576300,1768700,2603600,2537800
"00 Riket","Slåttervall, återväxt","Areal, hektar","Värde",.,.,.,.,.
"00 Riket","Slåttervall, återväxt","Totalskörd, ton","Värde",1705500,1465200,2177200,2063200,1904500
"00 Riket","Slåttervall, total vallskörd","Areal, hektar","Värde",.,.,.,.,.
"00 Riket","Slåttervall, total vallskörd","Totalskörd, ton","Värde",4303600,4041500,3945900,4666800,4442300
"01 Stockholms län","Höstvete","Areal, hektar","Värde",16070,16990,16270,15640,17130
"01 Stockholms län","Höstvete","Totalskörd, ton","Värde",91600,105400,73800,88400,107000
"01 Stockholms län","Vårvete","Areal, hektar","Värde",600,690,1410,1040,1230
"01 Stockholms län","Vårvete","Totalskörd, ton","Värde",..,..,2300,2800,4200
"01 Stockholms län","Råg","Areal, hektar","Värde",370,310,270,330,450
"01 Stockholms län","Råg","Totalskörd, ton","Värde",..,..,..,..,..
"01 Stockholms län","Höstkorn","Areal, hektar","Värde",350,380,320,270,320
"01 Stockholms län","Höstkorn","Totalskörd, ton","Värde",..,..,..,..,..
"01 Stockholms län","Vårkorn","Areal, hektar","Värde",6480,6070,6120,6350,5050
"01 Stockholms län","Vårkorn","Totalskörd, ton","Värde",16400,27800,12700,20000,20300
"01 Stockholms län","Havre","Areal, hektar","Värde",3390,2700,2470,2880,3250
"01 Stockholms län","Havre","Totalskörd, ton","Värde",9200,11500,6200,8800,12900
"01 Stockholms län","Rågvete","Areal, hektar","Värde",500,370,430,140,430
"01 Stockholms län","Rågvete","Totalskörd, ton","Värde",..,..,..,..,..
"01 Stockholms län","Höstrågvete","Areal, hektar","Värde",460,350,400,140,380
"01 Stockholms län","Höstrågvete","Totalskörd, ton","Värde",..,..,..,..,..
"01 Stockholms län","Vårrågvete","Areal, hektar","Värde",40,20,30,..,50
"01 Stockholms län","Vårrågvete","Totalskörd, ton","Värde",..,..,..,..,..
"01 Stockholms län","Blandsäd","Areal, hektar","Värde",240,150,130,150,130
"01 Stockholms län","Blandsäd","Totalskörd, ton","Värde",..,..,..,..,..
"01 Stockholms län","Majs","Areal, hektar","Värde",..,0,..,..,0
"01 Stockholms län","Majs","Totalskörd, ton","Värde",..,..,..,..,..
"01 Stockholms län","Spannmål totalt","Areal, hektar","Värde",27990,27650,27410,26800,27990
"01 Stockholms län","Spannmål totalt","Totalskörd, ton","Värde",124700,152000,99000,123500,151200
"01 Stockholms län","Ärter","Areal, hektar","Värde",1510,1430,1710,1500,1340
"01 Stockholms län","Ärter","Totalskörd, ton","Värde",3000,5000,3100,4100,3600
"01 Stockholms län","Åkerbönor","Areal, hektar","Värde",180,140,80,110,100
"01 Stockholms län","Åkerbönor","Totalskörd, ton","Värde",..,..,..,..,..
"01 Stockholms län","Höstraps","Areal, hektar","Värde",2070,2020,2500,1510,1350
"01 Stockholms län","Höstraps","Totalskörd, ton","Värde",6100,4700,4500,5200,4200
"01 Stockholms län","Vårraps","Areal, hektar","Värde",480,1160,1000,1430,950
"01 Stockholms län","Vårraps","Totalskörd, ton","Värde",..,3000,2100,3000,1900
"01 Stockholms län","Höstrybs","Areal, hektar","Värde",40,30,60,30,40
"01 Stockholms län","Höstrybs","Totalskörd, ton","Värde",..,..,..,..,..
"01 Stockholms län","Vårrybs","Areal, hektar","Värde",..,..,10,20,..
"01 Stockholms län","Vårrybs","Totalskörd, ton","Värde",..,..,..,..,..
"01 Stockholms län","Stråsädesgrödor (exkl. majs) till grönfoder","Areal, hektar","Värde",420,510,1100,550,1040
"01 Stockholms län","Stråsädesgrödor (exkl. majs) till grönfoder","Totalskörd, ton","Värde",..,..,2000,..,..
"01 Stockholms län","Majs till grönfoder","Areal, hektar","Värde",70,70,30,30,140
"01 Stockholms län","Majs till grönfoder","Totalskörd, ton","Värde",..,..,..,..,..
"01 Stockholms län","Andra ettåriga grödor till grönfoder","Areal, hektar","Värde",120,150,430,250,180
"01 Stockholms län","Andra ettåriga grödor till grönfoder","Totalskörd, ton","Värde",..,..,..,..,..
"01 Stockholms län","Oljelin","Areal, hektar","Värde",370,400,490,230,220
"01 Stockholms län","Oljelin","Totalskörd, ton","Värde",..,..,..,..,..
"01 Stockholms län","Matpotatis","Areal, hektar","Värde",90,80,80,70,70
"01 Stockholms län","Matpotatis","Totalskörd, ton","Värde",..,..,..,..,..
"01 Stockholms län","Potatis för stärkelse","Areal, hektar","Värde",..,..,..,..,..
"01 Stockholms län","Potatis för stärkelse","Totalskörd, ton","Värde",..,..,..,..,..
"01 Stockholms län","Sockerbetor","Areal, hektar","Värde",..,..,..,..,..
"01 Stockholms län","Sockerbetor","Totalskörd, ton","Värde",..,..,..,..,..
"01 Stockholms län","Slåttervall, första skörd","Areal, hektar","Värde",20430,21140,25010,21140,26460
"01 Stockholms län","Slåttervall, första skörd","Totalskörd, ton","Värde",72900,49500,42300,60200,67200
"01 Stockholms län","Slåttervall, återväxt","Areal, hektar","Värde",.,.,.,.,.
"01 Stockholms län","Slåttervall, återväxt","Totalskörd, ton","Värde",..,..,..,..,..
"01 Stockholms län","Slåttervall, total vallskörd","Areal, hektar","Värde",.,.,.,.,.
"01 Stockholms län","Slåttervall, total vallskörd","Totalskörd, ton","Värde",84300,54700,71000,70500,96100
"03 Uppsala län","Höstvete","Areal, hektar","Värde",42880,44490,41750,38550,47820
"03 Uppsala län","Höstvete","Totalskörd, ton","Värde",279600,267700,204200,226700,349800
"03 Uppsala län","Vårvete","Areal, hektar","Värde",6350,5740,8910,10200,7250
"03 Uppsala län","Vårvete","Totalskörd, ton","Värde",22100,26000,21300,35100,31700
"03 Uppsala län","Råg","Areal, hektar","Värde",620,630,700,300,580
"03 Uppsala län","Råg","Totalskörd, ton","Värde",3200,..,..,..,..
"03 Uppsala län","Höstkorn","Areal, hektar","Värde",780,750,420,430,700
"03 Uppsala län","Höstkorn","Totalskörd, ton","Värde",..,3600,..,..,..
"03 Uppsala län","Vårkorn","Areal, hektar","Värde",23070,21240,21910,23200,17750
"03 Uppsala län","Vårkorn","Totalskörd, ton","Värde",75500,101100,51700,79300,93800
"03 Uppsala län","Havre","Areal, hektar","Värde",8150,7140,6790,7750,6760
"03 Uppsala län","Havre","Totalskörd, ton","Värde",22600,29600,15000,24100,29500
"03 Uppsala län","Rågvete","Areal, hektar","Värde",700,730,820,440,1070
"03 Uppsala län","Rågvete","Totalskörd, ton","Värde",..,3600,1600,..,6500
"03 Uppsala län","Höstrågvete","Areal, hektar","Värde",650,680,510,290,900
"03 Uppsala län","Höstrågvete","Totalskörd, ton","Värde",..,..,..,..,5500
"03 Uppsala län","Vårrågvete","Areal, hektar","Värde",60,50,310,150,170
"03 Uppsala län","Vårrågvete","Totalskörd, ton","Värde",..,..,..,..,..
"03 Uppsala län","Blandsäd","Areal, hektar","Värde",720,640,540,870,630
"03 Uppsala län","Blandsäd","Totalskörd, ton","Värde",..,..,..,..,..
"03 Uppsala län","Majs","Areal, hektar","Värde",..,..,..,0,..
"03 Uppsala län","Majs","Totalskörd, ton","Värde",..,..,..,..,..
"03 Uppsala län","Spannmål totalt","Areal, hektar","Värde",83260,81360,81830,81750,82570
"03 Uppsala län","Spannmål totalt","Totalskörd, ton","Värde",413200,436700,300100,372600,521600
"03 Uppsala län","Ärter","Areal, hektar","Värde",4510,5280,6720,5830,5680
"03 Uppsala län","Ärter","Totalskörd, ton","Värde",13300,18500,12400,18700,22000
"03 Uppsala län","Åkerbönor","Areal, hektar","Värde",920,1370,1300,820,800
"03 Uppsala län","Åkerbönor","Totalskörd, ton","Värde",2200,3800,1900,..,..
"03 Uppsala län","Höstraps","Areal, hektar","Värde",3730,3900,3810,1240,3490
"03 Uppsala län","Höstraps","Totalskörd, ton","Värde",12900,8000,8400,4900,14600
"03 Uppsala län","Vårraps","Areal, hektar","Värde",1730,3710,3530,4690,4480
"03 Uppsala län","Vårraps","Totalskörd, ton","Värde",3700,10400,8400,11500,11400
"03 Uppsala län","Höstrybs","Areal, hektar","Värde",340,90,190,..,80
"03 Uppsala län","Höstrybs","Totalskörd, ton","Värde",..,..,..,..,..
"03 Uppsala län","Vårrybs","Areal, hektar","Värde",..,..,..,60,40
"03 Uppsala län","Vårrybs","Totalskörd, ton","Värde",..,..,..,..,..
"03 Uppsala län","Stråsädesgrödor (exkl. majs) till grönfoder","Areal, hektar","Värde",750,1170,2320,1450,1170
"03 Uppsala län","Stråsädesgrödor (exkl. majs) till grönfoder","Totalskörd, ton","Värde",..,..,6400,..,..
"03 Uppsala län","Majs till grönfoder","Areal, hektar","Värde",30,60,150,270,360
"03 Uppsala län","Majs till grönfoder","Totalskörd, ton","Värde",..,..,..,..,..
"03 Uppsala län","Andra ettåriga grödor till grönfoder","Areal, hektar","Värde",260,580,530,520,440
"03 Uppsala län","Andra ettåriga grödor till grönfoder","Totalskörd, ton","Värde",..,..,..,..,..
"03 Uppsala län","Oljelin","Areal, hektar","Värde",140,340,230,80,50
"03 Uppsala län","Oljelin","Totalskörd, ton","Värde",..,..,..,..,..
"03 Uppsala län","Matpotatis","Areal, hektar","Värde",110,110,100,100,140
"03 Uppsala län","Matpotatis","Totalskörd, ton","Värde",..,..,..,..,..
"03 Uppsala län","Potatis för stärkelse","Areal, hektar","Värde",..,..,..,..,..
"03 Uppsala län","Potatis för stärkelse","Totalskörd, ton","Värde",..,..,..,..,..
"03 Uppsala län","Sockerbetor","Areal, hektar","Värde",..,..,..,..,..
"03 Uppsala län","Sockerbetor","Totalskörd, ton","Värde",..,..,..,..,..
"03 Uppsala län","Slåttervall, första skörd","Areal, hektar","Värde",36940,39810,33870,34390,36900
"03 Uppsala län","Slåttervall, första skörd","Totalskörd, ton","Värde",115000,136000,72000,105400,125100
"03 Uppsala län","Slåttervall, återväxt","Areal, hektar","Värde",.,.,.,.,.
"03 Uppsala län","Slåttervall, återväxt","Totalskörd, ton","Värde",66300,102600,88400,61600,87800
"03 Uppsala län","Slåttervall, total vallskörd","Areal, hektar","Värde",.,.,.,.,.
"03 Uppsala län","Slåttervall, total vallskörd","Totalskörd, ton","Värde",181400,238600,160400,167000,212800
"04 Södermanlands län","Höstvete","Areal, hektar","Värde",32280,32270,33710,30470,34010
"04 Södermanlands län","Höstvete","Totalskörd, ton","Värde",210200,215400,150600,186200,227500
"04 Södermanlands län","Vårvete","Areal, hektar","Värde",1510,1650,2000,2610,2080
"04 Södermanlands län","Vårvete","Totalskörd, ton","Värde",2700,6800,4200,7200,8400
"04 Södermanlands län","Råg","Areal, hektar","Värde",590,320,410,260,280
"04 Södermanlands län","Råg","Totalskörd, ton","Värde",..,..,..,..,..
"04 Södermanlands län","Höstkorn","Areal, hektar","Värde",640,540,450,380,420
"04 Södermanlands län","Höstkorn","Totalskörd, ton","Värde",..,..,..,..,..
"04 Södermanlands län","Vårkorn","Areal, hektar","Värde",8580,8830,9030,11800,9260
"04 Södermanlands län","Vårkorn","Totalskörd, ton","Värde",23500,41900,25600,45100,40900
"04 Södermanlands län","Havre","Areal, hektar","Värde",6530,5750,5050,5910,5160
"04 Södermanlands län","Havre","Totalskörd, ton","Värde",19400,24100,11800,19600,23100
"04 Södermanlands län","Rågvete","Areal, hektar","Värde",3900,4190,4090,2820,3860
"04 Södermanlands län","Rågvete","Totalskörd, ton","Värde",19900,23900,15600,15300,22600
"04 Södermanlands län","Höstrågvete","Areal, hektar","Värde",3740,4050,3940,2800,3790
"04 Södermanlands län","Höstrågvete","Totalskörd, ton","Värde",19300,23300,15500,15300,22300
"04 Södermanlands län","Vårrågvete","Areal, hektar","Värde",170,140,150,..,60
"04 Södermanlands län","Vårrågvete","Totalskörd, ton","Värde",..,..,..,..,..
"04 Södermanlands län","Blandsäd","Areal, hektar","Värde",400,630,180,480,560
"04 Södermanlands län","Blandsäd","Totalskörd, ton","Värde",..,..,..,..,..
"04 Södermanlands län","Majs","Areal, hektar","Värde",..,..,0,0,10
"04 Södermanlands län","Majs","Totalskörd, ton","Värde",..,..,..,..,..
"04 Södermanlands län","Spannmål totalt","Areal, hektar","Värde",54420,54180,54930,54740,55640
"04 Södermanlands län","Spannmål totalt","Totalskörd, ton","Värde",283400,319500,211700,278800,329100
"04 Södermanlands län","Ärter","Areal, hektar","Värde",1110,990,1380,1690,1280
"04 Södermanlands län","Ärter","Totalskörd, ton","Värde",2100,3400,2600,4900,4400
"04 Södermanlands län","Åkerbönor","Areal, hektar","Värde",910,830,740,710,600
"04 Södermanlands län","Åkerbönor","Totalskörd, ton","Värde",..,2700,..,..,..
"04 Södermanlands län","Höstraps","Areal, hektar","Värde",4560,5120,4610,2850,4250
"04 Södermanlands län","Höstraps","Totalskörd, ton","Värde",14900,14100,9800,10000,16600
"04 Södermanlands län","Vårraps","Areal, hektar","Värde",410,1020,890,1790,1380
"04 Södermanlands län","Vårraps","Totalskörd, ton","Värde",..,2500,..,4200,3300
"04 Södermanlands län","Höstrybs","Areal, hektar","Värde",150,..,..,..,..
"04 Södermanlands län","Höstrybs","Totalskörd, ton","Värde",..,..,..,..,..
"04 Södermanlands län","Vårrybs","Areal, hektar","Värde",..,30,..,..,..
"04 Södermanlands län","Vårrybs","Totalskörd, ton","Värde",..,..,..,..,..
"04 Södermanlands län","Stråsädesgrödor (exkl. majs) till grönfoder","Areal, hektar","Värde",2040,750,2860,1090,1180
"04 Södermanlands län","Stråsädesgrödor (exkl. majs) till grönfoder","Totalskörd, ton","Värde",2800,..,5800,1900,..
"04 Södermanlands län","Majs till grönfoder","Areal, hektar","Värde",180,180,160,210,220
"04 Södermanlands län","Majs till grönfoder","Totalskörd, ton","Värde",..,..,..,..,..
"04 Södermanlands län","Andra ettåriga grödor till grönfoder","Areal, hektar","Värde",100,70,330,100,170
"04 Södermanlands län","Andra ettåriga grödor till grönfoder","Totalskörd, ton","Värde",..,..,..,..,..
"04 Södermanlands län","Oljelin","Areal, hektar","Värde",620,580,390,300,270
"04 Södermanlands län","Oljelin","Totalskörd, ton","Värde",..,..,..,..,..
"04 Södermanlands län","Matpotatis","Areal, hektar","Värde",40,40,30,40,40
"04 Södermanlands län","Matpotatis","Totalskörd, ton","Värde",..,..,..,..,..
"04 Södermanlands län","Potatis för stärkelse","Areal, hektar","Värde",..,..,..,..,..
"04 Södermanlands län","Potatis för stärkelse","Totalskörd, ton","Värde",..,..,..,..,..
"04 Södermanlands län","Sockerbetor","Areal, hektar","Värde",..,..,..,..,..
"04 Södermanlands län","Sockerbetor","Totalskörd, ton","Värde",..,..,..,..,..
"04 Södermanlands län","Slåttervall, första skörd","Areal, hektar","Värde",35140,34150,33610,31680,37250
"04 Södermanlands län","Slåttervall, första skörd","Totalskörd, ton","Värde",90900,95400,63100,101900,96500
"04 Södermanlands län","Slåttervall, återväxt","Areal, hektar","Värde",.,.,.,.,.
"04 Södermanlands län","Slåttervall, återväxt","Totalskörd, ton","Värde",..,58700,113000,70900,98500
"04 Södermanlands län","Slåttervall, total vallskörd","Areal, hektar","Värde",.,.,.,.,.
"04 Södermanlands län","Slåttervall, total vallskörd","Totalskörd, ton","Värde",124300,154100,176100,172700,195000
"05 Östergötlands län","Höstvete","Areal, hektar","Värde",60140,61250,64070,61520,62270
"05 Östergötlands län","Höstvete","Totalskörd, ton","Värde",403400,440700,382300,412000,486500
"05 Östergötlands län","Vårvete","Areal, hektar","Värde",2010,1780,2090,2820,2590
"05 Östergötlands län","Vårvete","Totalskörd, ton","Värde",6900,8300,7000,9900,13000
"05 Östergötlands län","Råg","Areal, hektar","Värde",1680,1280,1730,2170,2140
"05 Östergötlands län","Råg","Totalskörd, ton","Värde",11000,..,10100,13400,14200
"05 Östergötlands län","Höstkorn","Areal, hektar","Värde",2480,2060,1690,1940,1760
"05 Östergötlands län","Höstkorn","Totalskörd, ton","Värde",17300,13800,9400,10800,12200
"05 Östergötlands län","Vårkorn","Areal, hektar","Värde",9540,9130,9130,10600,8040
"05 Östergötlands län","Vårkorn","Totalskörd, ton","Värde",40600,53800,36400,50200,49200
"05 Östergötlands län","Havre","Areal, hektar","Värde",9540,7140,6850,8510,8540
"05 Östergötlands län","Havre","Totalskörd, ton","Värde",31800,36000,21800,31000,43100
"05 Östergötlands län","Rågvete","Areal, hektar","Värde",5170,4890,4530,3790,5940
"05 Östergötlands län","Rågvete","Totalskörd, ton","Värde",26200,28700,20900,18700,37400
"05 Östergötlands län","Höstrågvete","Areal, hektar","Värde",4960,4790,4290,3580,5530
"05 Östergötlands län","Höstrågvete","Totalskörd, ton","Värde",26200,28400,20200,18000,35200
"05 Östergötlands län","Vårrågvete","Areal, hektar","Värde",210,100,240,210,410
"05 Östergötlands län","Vårrågvete","Totalskörd, ton","Värde",..,..,..,..,..
"05 Östergötlands län","Blandsäd","Areal, hektar","Värde",580,640,370,430,700
"05 Östergötlands län","Blandsäd","Totalskörd, ton","Värde",..,..,..,..,..
"05 Östergötlands län","Majs","Areal, hektar","Värde",..,..,..,0,10
"05 Östergötlands län","Majs","Totalskörd, ton","Värde",..,..,..,..,..
"05 Östergötlands län","Spannmål totalt","Areal, hektar","Värde",91140,88160,90460,91780,91980
"05 Östergötlands län","Spannmål totalt","Totalskörd, ton","Värde",538900,591800,488800,547400,658000
"05 Östergötlands län","Ärter","Areal, hektar","Värde",3590,2650,2730,3120,3140
"05 Östergötlands län","Ärter","Totalskörd, ton","Värde",9400,10900,7100,8400,14100
"05 Östergötlands län","Åkerbönor","Areal, hektar","Värde",3840,3860,4290,3260,3180
"05 Östergötlands län","Åkerbönor","Totalskörd, ton","Värde",10200,13200,11900,10100,12600
"05 Östergötlands län","Höstraps","Areal, hektar","Värde",11460,13770,14000,10150,12560
"05 Östergötlands län","Höstraps","Totalskörd, ton","Värde",38800,40200,40200,32300,48900
"05 Östergötlands län","Vårraps","Areal, hektar","Värde",400,530,550,870,770
"05 Östergötlands län","Vårraps","Totalskörd, ton","Värde",..,..,..,..,..
"05 Östergötlands län","Höstrybs","Areal, hektar","Värde",40,40,20,..,..
"05 Östergötlands län","Höstrybs","Totalskörd, ton","Värde",..,..,..,..,..
"05 Östergötlands län","Vårrybs","Areal, hektar","Värde",30,..,..,..,..
"05 Östergötlands län","Vårrybs","Totalskörd, ton","Värde",..,..,..,..,..
"05 Östergötlands län","Stråsädesgrödor (exkl. majs) till grönfoder","Areal, hektar","Värde",2320,2210,4330,3100,2500
"05 Östergötlands län","Stråsädesgrödor (exkl. majs) till grönfoder","Totalskörd, ton","Värde",6700,5500,13500,..,10300
"05 Östergötlands län","Majs till grönfoder","Areal, hektar","Värde",760,840,1040,1480,1680
"05 Östergötlands län","Majs till grönfoder","Totalskörd, ton","Värde",..,..,..,..,19000
"05 Östergötlands län","Andra ettåriga grödor till grönfoder","Areal, hektar","Värde",840,600,760,730,690
"05 Östergötlands län","Andra ettåriga grödor till grönfoder","Totalskörd, ton","Värde",..,..,..,..,..
"05 Östergötlands län","Oljelin","Areal, hektar","Värde",1540,2000,1530,820,740
"05 Östergötlands län","Oljelin","Totalskörd, ton","Värde",2400,3700,1800,..,..
"05 Östergötlands län","Matpotatis","Areal, hektar","Värde",1760,1650,1750,1780,1920
"05 Östergötlands län","Matpotatis","Totalskörd, ton","Värde",62500,66700,68100,57000,74300
"05 Östergötlands län","Potatis för stärkelse","Areal, hektar","Värde",..,20,..,..,10
"05 Östergötlands län","Potatis för stärkelse","Totalskörd, ton","Värde",..,..,..,..,..
"05 Östergötlands län","Sockerbetor","Areal, hektar","Värde",..,..,..,..,..
"05 Östergötlands län","Sockerbetor","Totalskörd, ton","Värde",..,..,..,..,..
"05 Östergötlands län","Slåttervall, första skörd","Areal, hektar","Värde",62500,60050,58810,58030,56190
"05 Östergötlands län","Slåttervall, första skörd","Totalskörd, ton","Värde",189000,161800,123300,199700,184200
"05 Östergötlands län","Slåttervall, återväxt","Areal, hektar","Värde",.,.,.,.,.
"05 Östergötlands län","Slåttervall, återväxt","Totalskörd, ton","Värde",152300,92300,141200,103600,108200
"05 Östergötlands län","Slåttervall, total vallskörd","Areal, hektar","Värde",.,.,.,.,.
"05 Östergötlands län","Slåttervall, total vallskörd","Totalskörd, ton","Värde",341400,254100,264500,303300,292400
"06 Jönköpings län","Höstvete","Areal, hektar","Värde",2700,2830,3330,3160,3510
"06 Jönköpings län","Höstvete","Totalskörd, ton","Värde",14700,16600,16100,14000,22800
"06 Jönköpings län","Vårvete","Areal, hektar","Värde",470,400,330,420,430
"06 Jönköpings län","Vårvete","Totalskörd, ton","Värde",..,..,..,..,..
"06 Jönköpings län","Råg","Areal, hektar","Värde",200,240,310,380,390
"06 Jönköpings län","Råg","Totalskörd, ton","Värde",..,..,..,..,..
"06 Jönköpings län","Höstkorn","Areal, hektar","Värde",300,360,310,330,260
"06 Jönköpings län","Höstkorn","Totalskörd, ton","Värde",..,..,..,..,..
"06 Jönköpings län","Vårkorn","Areal, hektar","Värde",6660,5240,3420,5790,6080
"06 Jönköpings län","Vårkorn","Totalskörd, ton","Värde",21100,20900,7200,21300,30100
"06 Jönköpings län","Havre","Areal, hektar","Värde",3640,3250,2110,2090,3410
"06 Jönköpings län","Havre","Totalskörd, ton","Värde",11800,12700,6200,7300,13200
"06 Jönköpings län","Rågvete","Areal, hektar","Värde",1090,1310,970,1130,1590
"06 Jönköpings län","Rågvete","Totalskörd, ton","Värde",5400,6700,3400,5100,7800
"06 Jönköpings län","Höstrågvete","Areal, hektar","Värde",1000,1280,850,1000,1400
"06 Jönköpings län","Höstrågvete","Totalskörd, ton","Värde",5200,6600,3100,4600,7000
"06 Jönköpings län","Vårrågvete","Areal, hektar","Värde",90,30,120,130,190
"06 Jönköpings län","Vårrågvete","Totalskörd, ton","Värde",..,..,..,..,..
"06 Jönköpings län","Blandsäd","Areal, hektar","Värde",560,750,160,510,390
"06 Jönköpings län","Blandsäd","Totalskörd, ton","Värde",..,..,..,..,..
"06 Jönköpings län","Majs","Areal, hektar","Värde",..,..,..,..,30
"06 Jönköpings län","Majs","Totalskörd, ton","Värde",..,..,..,..,..
"06 Jönköpings län","Spannmål totalt","Areal, hektar","Värde",15630,14370,10930,13800,16100
"06 Jönköpings län","Spannmål totalt","Totalskörd, ton","Värde",58800,64600,36600,53600,80900
"06 Jönköpings län","Ärter","Areal, hektar","Värde",100,60,80,60,90
"06 Jönköpings län","Ärter","Totalskörd, ton","Värde",..,..,..,..,..
"06 Jönköpings län","Åkerbönor","Areal, hektar","Värde",90,40,50,30,20
"06 Jönköpings län","Åkerbönor","Totalskörd, ton","Värde",..,..,..,..,..
"06 Jönköpings län","Höstraps","Areal, hektar","Värde",520,660,590,410,600
"06 Jönköpings län","Höstraps","Totalskörd, ton","Värde",1600,2200,..,..,..
"06 Jönköpings län","Vårraps","Areal, hektar","Värde",40,20,30,30,20
"06 Jönköpings län","Vårraps","Totalskörd, ton","Värde",..,..,..,..,..
"06 Jönköpings län","Höstrybs","Areal, hektar","Värde",..,30,60,40,..
"06 Jönköpings län","Höstrybs","Totalskörd, ton","Värde",..,..,..,..,..
"06 Jönköpings län","Vårrybs","Areal, hektar","Värde",..,..,..,..,..
"06 Jönköpings län","Vårrybs","Totalskörd, ton","Värde",..,..,..,..,..
"06 Jönköpings län","Stråsädesgrödor (exkl. majs) till grönfoder","Areal, hektar","Värde",3160,3470,6260,3520,1660
"06 Jönköpings län","Stråsädesgrödor (exkl. majs) till grönfoder","Totalskörd, ton","Värde",10500,12200,19800,11700,5500
"06 Jönköpings län","Majs till grönfoder","Areal, hektar","Värde",140,220,260,390,1630
"06 Jönköpings län","Majs till grönfoder","Totalskörd, ton","Värde",..,..,..,..,..
"06 Jönköpings län","Andra ettåriga grödor till grönfoder","Areal, hektar","Värde",2990,2950,4660,3760,2820
"06 Jönköpings län","Andra ettåriga grödor till grönfoder","Totalskörd, ton","Värde",11400,12700,15000,17900,5900
"06 Jönköpings län","Oljelin","Areal, hektar","Värde",..,..,..,..,..
"06 Jönköpings län","Oljelin","Totalskörd, ton","Värde",..,..,..,..,..
"06 Jönköpings län","Matpotatis","Areal, hektar","Värde",70,80,80,70,70
"06 Jönköpings län","Matpotatis","Totalskörd, ton","Värde",..,..,..,..,..
"06 Jönköpings län","Potatis för stärkelse","Areal, hektar","Värde",..,..,..,..,..
"06 Jönköpings län","Potatis för stärkelse","Totalskörd, ton","Värde",..,..,..,..,..
"06 Jönköpings län","Sockerbetor","Areal, hektar","Värde",..,..,..,..,..
"06 Jönköpings län","Sockerbetor","Totalskörd, ton","Värde",..,..,..,..,..
"06 Jönköpings län","Slåttervall, första skörd","Areal, hektar","Värde",55420,57370,54980,55700,54220
"06 Jönköpings län","Slåttervall, första skörd","Totalskörd, ton","Värde",186200,189600,113100,163400,169300
"06 Jönköpings län","Slåttervall, återväxt","Areal, hektar","Värde",.,.,.,.,.
"06 Jönköpings län","Slåttervall, återväxt","Totalskörd, ton","Värde",158900,116100,188800,174900,130600
"06 Jönköpings län","Slåttervall, total vallskörd","Areal, hektar","Värde",.,.,.,.,.
"06 Jönköpings län","Slåttervall, total vallskörd","Totalskörd, ton","Värde",345000,305700,301900,338300,300000
"07 Kronobergs län","Höstvete","Areal, hektar","Värde",820,1140,1280,1340,1220
"07 Kronobergs län","Höstvete","Totalskörd, ton","Värde",..,..,5900,6600,7100
"07 Kronobergs län","Vårvete","Areal, hektar","Värde",420,360,260,170,120
"07 Kronobergs län","Vårvete","Totalskörd, ton","Värde",..,..,..,..,..
"07 Kronobergs län","Råg","Areal, hektar","Värde",90,90,30,170,100
"07 Kronobergs län","Råg","Totalskörd, ton","Värde",..,..,..,..,..
"07 Kronobergs län","Höstkorn","Areal, hektar","Värde",110,60,40,50,90
"07 Kronobergs län","Höstkorn","Totalskörd, ton","Värde",..,..,..,..,..
"07 Kronobergs län","Vårkorn","Areal, hektar","Värde",3410,3560,2880,3670,3510
"07 Kronobergs län","Vårkorn","Totalskörd, ton","Värde",10800,17000,7700,14600,17500
"07 Kronobergs län","Havre","Areal, hektar","Värde",2080,1960,1290,1640,1990
"07 Kronobergs län","Havre","Totalskörd, ton","Värde",6200,7500,4100,6700,7900
"07 Kronobergs län","Rågvete","Areal, hektar","Värde",670,800,900,650,1020
"07 Kronobergs län","Rågvete","Totalskörd, ton","Värde",3100,4400,3600,3200,6200
"07 Kronobergs län","Höstrågvete","Areal, hektar","Värde",590,720,860,560,980
"07 Kronobergs län","Höstrågvete","Totalskörd, ton","Värde",2900,4000,3500,2800,6000
"07 Kronobergs län","Vårrågvete","Areal, hektar","Värde",80,80,40,80,40
"07 Kronobergs län","Vårrågvete","Totalskörd, ton","Värde",..,..,..,..,..
"07 Kronobergs län","Blandsäd","Areal, hektar","Värde",100,120,30,200,90
"07 Kronobergs län","Blandsäd","Totalskörd, ton","Värde",..,..,..,..,..
"07 Kronobergs län","Majs","Areal, hektar","Värde",..,..,30,..,..
"07 Kronobergs län","Majs","Totalskörd, ton","Värde",..,..,..,..,..
"07 Kronobergs län","Spannmål totalt","Areal, hektar","Värde",7700,8090,6740,7890,8150
"07 Kronobergs län","Spannmål totalt","Totalskörd, ton","Värde",27700,39600,22500,33200,40500
"07 Kronobergs län","Ärter","Areal, hektar","Värde",20,10,10,..,..
"07 Kronobergs län","Ärter","Totalskörd, ton","Värde",..,..,..,..,..
"07 Kronobergs län","Åkerbönor","Areal, hektar","Värde",..,40,20,30,..
"07 Kronobergs län","Åkerbönor","Totalskörd, ton","Värde",..,..,..,..,..
"07 Kronobergs län","Höstraps","Areal, hektar","Värde",120,210,230,80,120
"07 Kronobergs län","Höstraps","Totalskörd, ton","Värde",..,..,..,..,..
"07 Kronobergs län","Vårraps","Areal, hektar","Värde",..,50,60,80,100
"07 Kronobergs län","Vårraps","Totalskörd, ton","Värde",..,..,..,..,..
"07 Kronobergs län","Höstrybs","Areal, hektar","Värde",..,..,..,..,..
"07 Kronobergs län","Höstrybs","Totalskörd, ton","Värde",..,..,..,..,..
"07 Kronobergs län","Vårrybs","Areal, hektar","Värde",40,40,..,..,..
"07 Kronobergs län","Vårrybs","Totalskörd, ton","Värde",..,..,..,..,..
"07 Kronobergs län","Stråsädesgrödor (exkl. majs) till grönfoder","Areal, hektar","Värde",1800,1060,2630,1280,1080
"07 Kronobergs län","Stråsädesgrödor (exkl. majs) till grönfoder","Totalskörd, ton","Värde",5700,3300,6900,4700,..
"07 Kronobergs län","Majs till grönfoder","Areal, hektar","Värde",100,180,130,170,770
"07 Kronobergs län","Majs till grönfoder","Totalskörd, ton","Värde",..,..,..,..,..
"07 Kronobergs län","Andra ettåriga grödor till grönfoder","Areal, hektar","Värde",1040,1010,1270,1300,960
"07 Kronobergs län","Andra ettåriga grödor till grönfoder","Totalskörd, ton","Värde",..,..,..,..,..
"07 Kronobergs län","Oljelin","Areal, hektar","Värde",..,..,..,..,..
"07 Kronobergs län","Oljelin","Totalskörd, ton","Värde",..,..,..,..,..
"07 Kronobergs län","Matpotatis","Areal, hektar","Värde",90,70,70,80,90
"07 Kronobergs län","Matpotatis","Totalskörd, ton","Värde",..,..,..,..,..
"07 Kronobergs län","Potatis för stärkelse","Areal, hektar","Värde",0,..,..,0,20
"07 Kronobergs län","Potatis för stärkelse","Totalskörd, ton","Värde",..,..,..,..,..
"07 Kronobergs län","Sockerbetor","Areal, hektar","Värde",..,..,..,..,..
"07 Kronobergs län","Sockerbetor","Totalskörd, ton","Värde",..,..,..,..,..
"07 Kronobergs län","Slåttervall, första skörd","Areal, hektar","Värde",29840,30150,27840,28500,29640
"07 Kronobergs län","Slåttervall, första skörd","Totalskörd, ton","Värde",83600,82000,61200,91300,100200
"07 Kronobergs län","Slåttervall, återväxt","Areal, hektar","Värde",.,.,.,.,.
"07 Kronobergs län","Slåttervall, återväxt","Totalskörd, ton","Värde",72000,..,88000,..,..
"07 Kronobergs län","Slåttervall, total vallskörd","Areal, hektar","Värde",.,.,.,.,.
"07 Kronobergs län","Slåttervall, total vallskörd","Totalskörd, ton","Värde",155600,127700,149200,170500,174000
"08 Kalmar län","Höstvete","Areal, hektar","Värde",13070,12930,13510,13210,14430
"08 Kalmar län","Höstvete","Totalskörd, ton","Värde",72100,81100,81200,87600,100900
"08 Kalmar län","Vårvete","Areal, hektar","Värde",880,890,770,690,950
"08 Kalmar län","Vårvete","Totalskörd, ton","Värde",2700,3200,2000,2700,4000
"08 Kalmar län","Råg","Areal, hektar","Värde",680,810,1230,1460,1160
"08 Kalmar län","Råg","Totalskörd, ton","Värde",3400,4200,7100,8500,6600
"08 Kalmar län","Höstkorn","Areal, hektar","Värde",2660,2810,2480,2480,2800
"08 Kalmar län","Höstkorn","Totalskörd, ton","Värde",13400,14700,12800,14500,18900
"08 Kalmar län","Vårkorn","Areal, hektar","Värde",6220,6990,4710,5370,5580
"08 Kalmar län","Vårkorn","Totalskörd, ton","Värde",17100,25400,14000,21200,25700
"08 Kalmar län","Havre","Areal, hektar","Värde",1620,1610,990,1170,1520
"08 Kalmar län","Havre","Totalskörd, ton","Värde",3900,5200,3000,3800,7000
"08 Kalmar län","Rågvete","Areal, hektar","Värde",3710,3230,3010,3730,4550
"08 Kalmar län","Rågvete","Totalskörd, ton","Värde",16200,15600,12500,19600,27400
"08 Kalmar län","Höstrågvete","Areal, hektar","Värde",3630,3150,2990,3700,4500
"08 Kalmar län","Höstrågvete","Totalskörd, ton","Värde",15800,15300,12500,19500,27100
"08 Kalmar län","Vårrågvete","Areal, hektar","Värde",80,80,20,40,50
"08 Kalmar län","Vårrågvete","Totalskörd, ton","Värde",..,..,..,..,..
"08 Kalmar län","Blandsäd","Areal, hektar","Värde",170,840,140,80,290
"08 Kalmar län","Blandsäd","Totalskörd, ton","Värde",..,..,..,..,..
"08 Kalmar län","Majs","Areal, hektar","Värde",300,270,200,430,690
"08 Kalmar län","Majs","Totalskörd, ton","Värde",..,..,..,..,..
"08 Kalmar län","Spannmål totalt","Areal, hektar","Värde",29300,30380,27050,28620,31960
"08 Kalmar län","Spannmål totalt","Totalskörd, ton","Värde",131500,153600,134800,161200,196400
"08 Kalmar län","Ärter","Areal, hektar","Värde",840,790,780,950,850
"08 Kalmar län","Ärter","Totalskörd, ton","Värde",2400,2400,2400,2700,3000
"08 Kalmar län","Åkerbönor","Areal, hektar","Värde",370,400,250,90,60
"08 Kalmar län","Åkerbönor","Totalskörd, ton","Värde",..,..,..,..,..
"08 Kalmar län","Höstraps","Areal, hektar","Värde",3310,4100,4170,3460,3880
"08 Kalmar län","Höstraps","Totalskörd, ton","Värde",10100,12800,10300,12000,14200
"08 Kalmar län","Vårraps","Areal, hektar","Värde",70,160,90,110,130
"08 Kalmar län","Vårraps","Totalskörd, ton","Värde",..,..,..,..,..
"08 Kalmar län","Höstrybs","Areal, hektar","Värde",10,..,..,..,..
"08 Kalmar län","Höstrybs","Totalskörd, ton","Värde",..,..,..,..,..
"08 Kalmar län","Vårrybs","Areal, hektar","Värde",..,..,..,..,..
"08 Kalmar län","Vårrybs","Totalskörd, ton","Värde",..,..,..,..,..
"08 Kalmar län","Stråsädesgrödor (exkl. majs) till grönfoder","Areal, hektar","Värde",4670,2170,5790,2720,1830
"08 Kalmar län","Stråsädesgrödor (exkl. majs) till grönfoder","Totalskörd, ton","Värde",15700,7100,15300,9600,4700
"08 Kalmar län","Majs till grönfoder","Areal, hektar","Värde",5220,5090,6000,6640,7380
"08 Kalmar län","Majs till grönfoder","Totalskörd, ton","Värde",61900,43000,72600,85400,75800
"08 Kalmar län","Andra ettåriga grödor till grönfoder","Areal, hektar","Värde",2820,2540,2810,2590,1020
"08 Kalmar län","Andra ettåriga grödor till grönfoder","Totalskörd, ton","Värde",24700,..,21700,..,..
"08 Kalmar län","Oljelin","Areal, hektar","Värde",30,60,50,20,20
"08 Kalmar län","Oljelin","Totalskörd, ton","Värde",..,..,..,..,..
"08 Kalmar län","Matpotatis","Areal, hektar","Värde",420,420,430,460,520
"08 Kalmar län","Matpotatis","Totalskörd, ton","Värde",..,..,..,..,..
"08 Kalmar län","Potatis för stärkelse","Areal, hektar","Värde",1000,930,890,960,1050
"08 Kalmar län","Potatis för stärkelse","Totalskörd, ton","Värde",40400,34400,39400,41400,46400
"08 Kalmar län","Sockerbetor","Areal, hektar","Värde",..,..,..,..,..
"08 Kalmar län","Sockerbetor","Totalskörd, ton","Värde",..,..,..,..,..
"08 Kalmar län","Slåttervall, första skörd","Areal, hektar","Värde",58130,57970,58660,57840,59510
"08 Kalmar län","Slåttervall, första skörd","Totalskörd, ton","Värde",200700,187800,120600,264800,233700
"08 Kalmar län","Slåttervall, återväxt","Areal, hektar","Värde",.,.,.,.,.
"08 Kalmar län","Slåttervall, återväxt","Totalskörd, ton","Värde",122000,58800,175100,274900,174700
"08 Kalmar län","Slåttervall, total vallskörd","Areal, hektar","Värde",.,.,.,.,.
"08 Kalmar län","Slåttervall, total vallskörd","Totalskörd, ton","Värde",322800,246700,295700,539700,408400
"09 Gotlands län","Höstvete","Areal, hektar","Värde",13800,14280,15200,15190,17040
"09 Gotlands län","Höstvete","Totalskörd, ton","Värde",64200,86700,66500,89300,114500
"09 Gotlands län","Vårvete","Areal, hektar","Värde",3150,2250,2230,2810,2880
"09 Gotlands län","Vårvete","Totalskörd, ton","Värde",8700,9500,7300,9100,12300
"09 Gotlands län","Råg","Areal, hektar","Värde",1000,930,1260,1660,1920
"09 Gotlands län","Råg","Totalskörd, ton","Värde",3600,4400,4400,7700,9800
"09 Gotlands län","Höstkorn","Areal, hektar","Värde",3590,3260,3230,3150,3560
"09 Gotlands län","Höstkorn","Totalskörd, ton","Värde",14200,18400,13700,15400,22700
"09 Gotlands län","Vårkorn","Areal, hektar","Värde",8730,7880,7790,8000,6600
"09 Gotlands län","Vårkorn","Totalskörd, ton","Värde",24700,33100,19700,23300,34700
"09 Gotlands län","Havre","Areal, hektar","Värde",1130,760,690,710,570
"09 Gotlands län","Havre","Totalskörd, ton","Värde",2400,3000,1300,..,..
"09 Gotlands län","Rågvete","Areal, hektar","Värde",600,390,450,420,430
"09 Gotlands län","Rågvete","Totalskörd, ton","Värde",..,..,..,..,..
"09 Gotlands län","Höstrågvete","Areal, hektar","Värde",530,380,420,360,400
"09 Gotlands län","Höstrågvete","Totalskörd, ton","Värde",..,..,..,..,..
"09 Gotlands län","Vårrågvete","Areal, hektar","Värde",70,10,30,60,30
"09 Gotlands län","Vårrågvete","Totalskörd, ton","Värde",..,..,..,..,..
"09 Gotlands län","Blandsäd","Areal, hektar","Värde",300,120,40,250,250
"09 Gotlands län","Blandsäd","Totalskörd, ton","Värde",..,..,..,..,..
"09 Gotlands län","Majs","Areal, hektar","Värde",80,80,160,50,140
"09 Gotlands län","Majs","Totalskörd, ton","Värde",..,..,..,..,..
"09 Gotlands län","Spannmål totalt","Areal, hektar","Värde",32380,29960,31050,32230,33390
"09 Gotlands län","Spannmål totalt","Totalskörd, ton","Värde",121700,157900,115600,150100,200200
"09 Gotlands län","Ärter","Areal, hektar","Värde",2360,2210,2540,2560,2210
"09 Gotlands län","Ärter","Totalskörd, ton","Värde",6400,7400,6300,6700,7500
"09 Gotlands län","Åkerbönor","Areal, hektar","Värde",240,330,370,190,190
"09 Gotlands län","Åkerbönor","Totalskörd, ton","Värde",..,..,..,..,..
"09 Gotlands län","Höstraps","Areal, hektar","Värde",3170,4770,4870,3590,3030
"09 Gotlands län","Höstraps","Totalskörd, ton","Värde",8100,14100,7200,9600,8300
"09 Gotlands län","Vårraps","Areal, hektar","Värde",660,1380,1000,1040,890
"09 Gotlands län","Vårraps","Totalskörd, ton","Värde",1400,3200,1800,2100,1800
"09 Gotlands län","Höstrybs","Areal, hektar","Värde",..,..,..,..,..
"09 Gotlands län","Höstrybs","Totalskörd, ton","Värde",..,..,..,..,..
"09 Gotlands län","Vårrybs","Areal, hektar","Värde",..,..,..,..,..
"09 Gotlands län","Vårrybs","Totalskörd, ton","Värde",..,..,..,..,..
"09 Gotlands län","Stråsädesgrödor (exkl. majs) till grönfoder","Areal, hektar","Värde",1840,1210,2320,1320,2050
"09 Gotlands län","Stråsädesgrödor (exkl. majs) till grönfoder","Totalskörd, ton","Värde",5100,..,5500,4800,5500
"09 Gotlands län","Majs till grönfoder","Areal, hektar","Värde",2640,2480,2580,2780,3890
"09 Gotlands län","Majs till grönfoder","Totalskörd, ton","Värde",38400,31100,31100,35200,45800
"09 Gotlands län","Andra ettåriga grödor till grönfoder","Areal, hektar","Värde",640,700,1170,1100,240
"09 Gotlands län","Andra ettåriga grödor till grönfoder","Totalskörd, ton","Värde",..,..,..,..,..
"09 Gotlands län","Oljelin","Areal, hektar","Värde",..,..,..,..,..
"09 Gotlands län","Oljelin","Totalskörd, ton","Värde",..,..,..,..,..
"09 Gotlands län","Matpotatis","Areal, hektar","Värde",900,940,830,920,1030
"09 Gotlands län","Matpotatis","Totalskörd, ton","Värde",28800,..,25800,30500,35400
"09 Gotlands län","Potatis för stärkelse","Areal, hektar","Värde",10,20,..,..,10
"09 Gotlands län","Potatis för stärkelse","Totalskörd, ton","Värde",..,..,..,..,..
"09 Gotlands län","Sockerbetor","Areal, hektar","Värde",..,..,..,..,..
"09 Gotlands län","Sockerbetor","Totalskörd, ton","Värde",..,..,..,..,..
"09 Gotlands län","Slåttervall, första skörd","Areal, hektar","Värde",30000,32510,29990,31150,32020
"09 Gotlands län","Slåttervall, första skörd","Totalskörd, ton","Värde",101700,122300,74100,116100,94800
"09 Gotlands län","Slåttervall, återväxt","Areal, hektar","Värde",.,.,.,.,.
"09 Gotlands län","Slåttervall, återväxt","Totalskörd, ton","Värde",61400,40300,51800,45900,83500
"09 Gotlands län","Slåttervall, total vallskörd","Areal, hektar","Värde",.,.,.,.,.
"09 Gotlands län","Slåttervall, total vallskörd","Totalskörd, ton","Värde",163100,162600,126000,162000,178300
"10 Blekinge län","Höstvete","Areal, hektar","Värde",3930,3140,3890,3560,3570
"10 Blekinge län","Höstvete","Totalskörd, ton","Värde",25400,24300,24800,23100,25800
"10 Blekinge län","Vårvete","Areal, hektar","Värde",1060,1010,1090,1100,1300
"10 Blekinge län","Vårvete","Totalskörd, ton","Värde",5400,..,..,..,8500
"10 Blekinge län","Råg","Areal, hektar","Värde",110,130,150,170,200
"10 Blekinge län","Råg","Totalskörd, ton","Värde",..,..,..,..,..
"10 Blekinge län","Höstkorn","Areal, hektar","Värde",540,400,440,600,390
"10 Blekinge län","Höstkorn","Totalskörd, ton","Värde",..,..,..,3100,..
"10 Blekinge län","Vårkorn","Areal, hektar","Värde",2600,2980,2810,2270,2720
"10 Blekinge län","Vårkorn","Totalskörd, ton","Värde",10300,15200,10200,10100,16200
"10 Blekinge län","Havre","Areal, hektar","Värde",570,500,410,600,510
"10 Blekinge län","Havre","Totalskörd, ton","Värde",..,..,..,2700,2800
"10 Blekinge län","Rågvete","Areal, hektar","Värde",550,540,460,430,700
"10 Blekinge län","Rågvete","Totalskörd, ton","Värde",..,..,..,..,..
"10 Blekinge län","Höstrågvete","Areal, hektar","Värde",520,520,450,370,620
"10 Blekinge län","Höstrågvete","Totalskörd, ton","Värde",..,..,..,..,..
"10 Blekinge län","Vårrågvete","Areal, hektar","Värde",30,20,10,60,80
"10 Blekinge län","Vårrågvete","Totalskörd, ton","Värde",..,..,..,..,..
"10 Blekinge län","Blandsäd","Areal, hektar","Värde",20,30,30,120,80
"10 Blekinge län","Blandsäd","Totalskörd, ton","Värde",..,..,..,..,..
"10 Blekinge län","Majs","Areal, hektar","Värde",..,10,20,..,50
"10 Blekinge län","Majs","Totalskörd, ton","Värde",..,..,..,..,..
"10 Blekinge län","Spannmål totalt","Areal, hektar","Värde",9380,8730,9310,8840,9510
"10 Blekinge län","Spannmål totalt","Totalskörd, ton","Värde",49200,54200,47200,48800,61400
"10 Blekinge län","Ärter","Areal, hektar","Värde",90,140,90,80,40
"10 Blekinge län","Ärter","Totalskörd, ton","Värde",..,..,..,..,..
"10 Blekinge län","Åkerbönor","Areal, hektar","Värde",70,60,70,30,..
"10 Blekinge län","Åkerbönor","Totalskörd, ton","Värde",..,..,..,..,..
"10 Blekinge län","Höstraps","Areal, hektar","Värde",830,1290,1080,900,710
"10 Blekinge län","Höstraps","Totalskörd, ton","Värde",2700,4600,2700,3000,2700
"10 Blekinge län","Vårraps","Areal, hektar","Värde",40,60,100,20,50
"10 Blekinge län","Vårraps","Totalskörd, ton","Värde",..,..,..,..,..
"10 Blekinge län","Höstrybs","Areal, hektar","Värde",..,..,..,..,..
"10 Blekinge län","Höstrybs","Totalskörd, ton","Värde",..,..,..,..,..
"10 Blekinge län","Vårrybs","Areal, hektar","Värde",..,..,..,..,..
"10 Blekinge län","Vårrybs","Totalskörd, ton","Värde",..,..,..,..,..
"10 Blekinge län","Stråsädesgrödor (exkl. majs) till grönfoder","Areal, hektar","Värde",330,240,560,720,430
"10 Blekinge län","Stråsädesgrödor (exkl. majs) till grönfoder","Totalskörd, ton","Värde",..,..,..,..,..
"10 Blekinge län","Majs till grönfoder","Areal, hektar","Värde",750,810,830,920,900
"10 Blekinge län","Majs till grönfoder","Totalskörd, ton","Värde",..,9000,..,10100,..
"10 Blekinge län","Andra ettåriga grödor till grönfoder","Areal, hektar","Värde",190,80,150,200,90
"10 Blekinge län","Andra ettåriga grödor till grönfoder","Totalskörd, ton","Värde",..,..,..,..,..
"10 Blekinge län","Oljelin","Areal, hektar","Värde",..,..,..,..,..
"10 Blekinge län","Oljelin","Totalskörd, ton","Värde",..,..,..,..,..
"10 Blekinge län","Matpotatis","Areal, hektar","Värde",50,60,70,50,60
"10 Blekinge län","Matpotatis","Totalskörd, ton","Värde",..,..,..,..,..
"10 Blekinge län","Potatis för stärkelse","Areal, hektar","Värde",1940,1870,1530,1630,1780
"10 Blekinge län","Potatis för stärkelse","Totalskörd, ton","Värde",80200,75800,66000,70000,73900
"10 Blekinge län","Sockerbetor","Areal, hektar","Värde",330,329,270,251,200
"10 Blekinge län","Sockerbetor","Totalskörd, ton","Värde",23700,21100,15900,18500,15700
"10 Blekinge län","Slåttervall, första skörd","Areal, hektar","Värde",..,..,..,..,..
"10 Blekinge län","Slåttervall, första skörd","Totalskörd, ton","Värde",..,..,..,..,..
"10 Blekinge län","Slåttervall, återväxt","Areal, hektar","Värde",.,.,.,.,.
"10 Blekinge län","Slåttervall, återväxt","Totalskörd, ton","Värde",..,..,..,..,..
"10 Blekinge län","Slåttervall, total vallskörd","Areal, hektar","Värde",.,.,.,.,.
"10 Blekinge län","Slåttervall, total vallskörd","Totalskörd, ton","Värde",..,..,..,..,..
"11 f.d. Kristianstads län","Höstvete","Areal, hektar","Värde",.,.,.,.,.
"11 f.d. Kristianstads län","Höstvete","Totalskörd, ton","Värde",.,.,.,.,.
"11 f.d. Kristianstads län","Vårvete","Areal, hektar","Värde",.,.,.,.,.
"11 f.d. Kristianstads län","Vårvete","Totalskörd, ton","Värde",.,.,.,.,.
"11 f.d. Kristianstads län","Råg","Areal, hektar","Värde",.,.,.,.,.
"11 f.d. Kristianstads län","Råg","Totalskörd, ton","Värde",.,.,.,.,.
"11 f.d. Kristianstads län","Höstkorn","Areal, hektar","Värde",.,.,.,.,.
"11 f.d. Kristianstads län","Höstkorn","Totalskörd, ton","Värde",.,.,.,.,.
"11 f.d. Kristianstads län","Vårkorn","Areal, hektar","Värde",.,.,.,.,.
"11 f.d. Kristianstads län","Vårkorn","Totalskörd, ton","Värde",.,.,.,.,.
"11 f.d. Kristianstads län","Havre","Areal, hektar","Värde",.,.,.,.,.
"11 f.d. Kristianstads län","Havre","Totalskörd, ton","Värde",.,.,.,.,.
"11 f.d. Kristianstads län","Rågvete","Areal, hektar","Värde",.,.,.,.,.
"11 f.d. Kristianstads län","Rågvete","Totalskörd, ton","Värde",.,.,.,.,.
"11 f.d. Kristianstads län","Höstrågvete","Areal, hektar","Värde",.,.,.,.,.
"11 f.d. Kristianstads län","Höstrågvete","Totalskörd, ton","Värde",.,.,.,.,.
"11 f.d. Kristianstads län","Vårrågvete","Areal, hektar","Värde",.,.,.,.,.
"11 f.d. Kristianstads län","Vårrågvete","Totalskörd, ton","Värde",.,.,.,.,.
"11 f.d. Kristianstads län","Blandsäd","Areal, hektar","Värde",.,.,.,.,.
"11 f.d. Kristianstads län","Blandsäd","Totalskörd, ton","Värde",.,.,.,.,.
"11 f.d. Kristianstads län","Majs","Areal, hektar","Värde",.,.,.,.,.
"11 f.d. Kristianstads län","Majs","Totalskörd, ton","Värde",.,.,.,.,.
"11 f.d. Kristianstads län","Spannmål totalt","Areal, hektar","Värde",.,.,.,.,.
"11 f.d. Kristianstads län","Spannmål totalt","Totalskörd, ton","Värde",.,.,.,.,.
"11 f.d. Kristianstads län","Ärter","Areal, hektar","Värde",.,.,.,.,.
"11 f.d. Kristianstads län","Ärter","Totalskörd, ton","Värde",.,.,.,.,.
"11 f.d. Kristianstads län","Åkerbönor","Areal, hektar","Värde",.,.,.,.,.
"11 f.d. Kristianstads län","Åkerbönor","Totalskörd, ton","Värde",.,.,.,.,.
"11 f.d. Kristianstads län","Höstraps","Areal, hektar","Värde",.,.,.,.,.
"11 f.d. Kristianstads län","Höstraps","Totalskörd, ton","Värde",.,.,.,.,.
"11 f.d. Kristianstads län","Vårraps","Areal, hektar","Värde",.,.,.,.,.
"11 f.d. Kristianstads län","Vårraps","Totalskörd, ton","Värde",.,.,.,.,.
"11 f.d. Kristianstads län","Höstrybs","Areal, hektar","Värde",.,.,.,.,.
"11 f.d. Kristianstads län","Höstrybs","Totalskörd, ton","Värde",.,.,.,.,.
"11 f.d. Kristianstads län","Vårrybs","Areal, hektar","Värde",.,.,.,.,.
"11 f.d. Kristianstads län","Vårrybs","Totalskörd, ton","Värde",.,.,.,.,.
"11 f.d. Kristianstads län","Stråsädesgrödor (exkl. majs) till grönfoder","Areal, hektar","Värde",.,.,.,.,.
"11 f.d. Kristianstads län","Stråsädesgrödor (exkl. majs) till grönfoder","Totalskörd, ton","Värde",.,.,.,.,.
"11 f.d. Kristianstads län","Majs till grönfoder","Areal, hektar","Värde",.,.,.,.,.
"11 f.d. Kristianstads län","Majs till grönfoder","Totalskörd, ton","Värde",.,.,.,.,.
"11 f.d. Kristianstads län","Andra ettåriga grödor till grönfoder","Areal, hektar","Värde",.,.,.,.,.
"11 f.d. Kristianstads län","Andra ettåriga grödor till grönfoder","Totalskörd, ton","Värde",.,.,.,.,.
"11 f.d. Kristianstads län","Oljelin","Areal, hektar","Värde",.,.,.,.,.
"11 f.d. Kristianstads län","Oljelin","Totalskörd, ton","Värde",.,.,.,.,.
"11 f.d. Kristianstads län","Matpotatis","Areal, hektar","Värde",.,.,.,.,.
"11 f.d. Kristianstads län","Matpotatis","Totalskörd, ton","Värde",.,.,.,.,.
"11 f.d. Kristianstads län","Potatis för stärkelse","Areal, hektar","Värde",.,.,.,.,.
"11 f.d. Kristianstads län","Potatis för stärkelse","Totalskörd, ton","Värde",.,.,.,.,.
"11 f.d. Kristianstads län","Sockerbetor","Areal, hektar","Värde",.,.,.,.,.
"11 f.d. Kristianstads län","Sockerbetor","Totalskörd, ton","Värde",.,.,.,.,.
"11 f.d. Kristianstads län","Slåttervall, första skörd","Areal, hektar","Värde",.,.,.,.,.
"11 f.d. Kristianstads län","Slåttervall, första skörd","Totalskörd, ton","Värde",.,.,.,.,.
"11 f.d. Kristianstads län","Slåttervall, återväxt","Areal, hektar","Värde",.,.,.,.,.
"11 f.d. Kristianstads län","Slåttervall, återväxt","Totalskörd, ton","Värde",.,.,.,.,.
"11 f.d. Kristianstads län","Slåttervall, total vallskörd","Areal, hektar","Värde",.,.,.,.,.
"11 f.d. Kristianstads län","Slåttervall, total vallskörd","Totalskörd, ton","Värde",.,.,.,.,.
"12 Skåne län","Höstvete","Areal, hektar","Värde",104830,93020,105230,106160,108890
"12 Skåne län","Höstvete","Totalskörd, ton","Värde",786400,826600,704100,800400,946400
"12 Skåne län","Vårvete","Areal, hektar","Värde",3780,5080,4330,5440,5510
"12 Skåne län","Vårvete","Totalskörd, ton","Värde",17100,32700,16100,24500,35600
"12 Skåne län","Råg","Areal, hektar","Värde",11010,8520,10540,11910,12110
"12 Skåne län","Råg","Totalskörd, ton","Värde",63900,62700,58200,74200,81300
"12 Skåne län","Höstkorn","Areal, hektar","Värde",5470,4820,4480,5080,5170
"12 Skåne län","Höstkorn","Totalskörd, ton","Värde",33000,36500,25600,32400,38300
"12 Skåne län","Vårkorn","Areal, hektar","Värde",62300,65920,63900,61740,57910
"12 Skåne län","Vårkorn","Totalskörd, ton","Värde",322900,483500,249200,352200,427600
"12 Skåne län","Havre","Areal, hektar","Värde",12120,10170,9760,11220,10360
"12 Skåne län","Havre","Totalskörd, ton","Värde",53000,61000,31500,55500,61400
"12 Skåne län","Rågvete","Areal, hektar","Värde",4640,4300,4450,4250,5010
"12 Skåne län","Rågvete","Totalskörd, ton","Värde",25800,27700,20100,21900,28600
"12 Skåne län","Höstrågvete","Areal, hektar","Värde",4380,3890,4260,3860,4740
"12 Skåne län","Höstrågvete","Totalskörd, ton","Värde",24600,25900,19800,20400,27600
"12 Skåne län","Vårrågvete","Areal, hektar","Värde",250,410,190,390,270
"12 Skåne län","Vårrågvete","Totalskörd, ton","Värde",..,..,..,..,..
"12 Skåne län","Blandsäd","Areal, hektar","Värde",460,480,100,540,320
"12 Skåne län","Blandsäd","Totalskörd, ton","Värde",..,..,..,..,..
"12 Skåne län","Majs","Areal, hektar","Värde",1150,1110,1320,1030,1130
"12 Skåne län","Majs","Totalskörd, ton","Värde",9800,7300,10800,7200,8000
"12 Skåne län","Spannmål totalt","Areal, hektar","Värde",205750,193410,204110,207380,206410
"12 Skåne län","Spannmål totalt","Totalskörd, ton","Värde",1313500,1539700,1116100,1370000,1628800
"12 Skåne län","Ärter","Areal, hektar","Värde",1200,1320,1270,730,850
"12 Skåne län","Ärter","Totalskörd, ton","Värde",3500,5800,2400,..,3400
"12 Skåne län","Åkerbönor","Areal, hektar","Värde",2860,3380,3180,2550,2320
"12 Skåne län","Åkerbönor","Totalskörd, ton","Värde",7600,14700,8000,8400,9200
"12 Skåne län","Höstraps","Areal, hektar","Värde",43560,48350,44810,39320,40510
"12 Skåne län","Höstraps","Totalskörd, ton","Värde",151500,195400,104500,128900,147900
"12 Skåne län","Vårraps","Areal, hektar","Värde",220,570,250,270,130
"12 Skåne län","Vårraps","Totalskörd, ton","Värde",..,..,..,..,..
"12 Skåne län","Höstrybs","Areal, hektar","Värde",..,30,40,60,50
"12 Skåne län","Höstrybs","Totalskörd, ton","Värde",..,..,..,..,..
"12 Skåne län","Vårrybs","Areal, hektar","Värde",..,..,..,..,..
"12 Skåne län","Vårrybs","Totalskörd, ton","Värde",..,..,..,..,..
"12 Skåne län","Stråsädesgrödor (exkl. majs) till grönfoder","Areal, hektar","Värde",4610,3640,5980,4450,3860
"12 Skåne län","Stråsädesgrödor (exkl. majs) till grönfoder","Totalskörd, ton","Värde",19000,18200,17700,17300,22300
"12 Skåne län","Majs till grönfoder","Areal, hektar","Värde",5670,6400,7070,8000,8370
"12 Skåne län","Majs till grönfoder","Totalskörd, ton","Värde",73200,70200,93200,89000,83400
"12 Skåne län","Andra ettåriga grödor till grönfoder","Areal, hektar","Värde",640,670,1090,1070,1180
"12 Skåne län","Andra ettåriga grödor till grönfoder","Totalskörd, ton","Värde",..,..,..,..,..
"12 Skåne län","Oljelin","Areal, hektar","Värde",230,320,210,120,140
"12 Skåne län","Oljelin","Totalskörd, ton","Värde",..,..,..,..,..
"12 Skåne län","Matpotatis","Areal, hektar","Värde",5610,5700,5590,5550,5890
"12 Skåne län","Matpotatis","Totalskörd, ton","Värde",175000,192300,185000,197300,213900
"12 Skåne län","Potatis för stärkelse","Areal, hektar","Värde",5710,5530,5560,6440,7600
"12 Skåne län","Potatis för stärkelse","Totalskörd, ton","Värde",244200,233200,243200,289000,328900
"12 Skåne län","Sockerbetor","Areal, hektar","Värde",27560,28198,27810,27558,24668
"12 Skåne län","Sockerbetor","Totalskörd, ton","Värde",1975900,1827200,1685500,2061300,1978400
"12 Skåne län","Slåttervall, första skörd","Areal, hektar","Värde",70110,78540,71510,75620,67840
"12 Skåne län","Slåttervall, första skörd","Totalskörd, ton","Värde",252700,279600,170900,253300,235100
"12 Skåne län","Slåttervall, återväxt","Areal, hektar","Värde",.,.,.,.,.
"12 Skåne län","Slåttervall, återväxt","Totalskörd, ton","Värde",229500,156300,260800,218300,170000
"12 Skåne län","Slåttervall, total vallskörd","Areal, hektar","Värde",.,.,.,.,.
"12 Skåne län","Slåttervall, total vallskörd","Totalskörd, ton","Värde",482200,435900,431700,471600,405100
"122 f.d. Malmöhus län","Höstvete","Areal, hektar","Värde",.,.,.,.,.
"122 f.d. Malmöhus län","Höstvete","Totalskörd, ton","Värde",.,.,.,.,.
"122 f.d. Malmöhus län","Vårvete","Areal, hektar","Värde",.,.,.,.,.
"122 f.d. Malmöhus län","Vårvete","Totalskörd, ton","Värde",.,.,.,.,.
"122 f.d. Malmöhus län","Råg","Areal, hektar","Värde",.,.,.,.,.
"122 f.d. Malmöhus län","Råg","Totalskörd, ton","Värde",.,.,.,.,.
"122 f.d. Malmöhus län","Höstkorn","Areal, hektar","Värde",.,.,.,.,.
"122 f.d. Malmöhus län","Höstkorn","Totalskörd, ton","Värde",.,.,.,.,.
"122 f.d. Malmöhus län","Vårkorn","Areal, hektar","Värde",.,.,.,.,.
"122 f.d. Malmöhus län","Vårkorn","Totalskörd, ton","Värde",.,.,.,.,.
"122 f.d. Malmöhus län","Havre","Areal, hektar","Värde",.,.,.,.,.
"122 f.d. Malmöhus län","Havre","Totalskörd, ton","Värde",.,.,.,.,.
"122 f.d. Malmöhus län","Rågvete","Areal, hektar","Värde",.,.,.,.,.
"122 f.d. Malmöhus län","Rågvete","Totalskörd, ton","Värde",.,.,.,.,.
"122 f.d. Malmöhus län","Höstrågvete","Areal, hektar","Värde",.,.,.,.,.
"122 f.d. Malmöhus län","Höstrågvete","Totalskörd, ton","Värde",.,.,.,.,.
"122 f.d. Malmöhus län","Vårrågvete","Areal, hektar","Värde",.,.,.,.,.
"122 f.d. Malmöhus län","Vårrågvete","Totalskörd, ton","Värde",.,.,.,.,.
"122 f.d. Malmöhus län","Blandsäd","Areal, hektar","Värde",.,.,.,.,.
"122 f.d. Malmöhus län","Blandsäd","Totalskörd, ton","Värde",.,.,.,.,.
"122 f.d. Malmöhus län","Majs","Areal, hektar","Värde",.,.,.,.,.
"122 f.d. Malmöhus län","Majs","Totalskörd, ton","Värde",.,.,.,.,.
"122 f.d. Malmöhus län","Spannmål totalt","Areal, hektar","Värde",.,.,.,.,.
"122 f.d. Malmöhus län","Spannmål totalt","Totalskörd, ton","Värde",.,.,.,.,.
"122 f.d. Malmöhus län","Ärter","Areal, hektar","Värde",.,.,.,.,.
"122 f.d. Malmöhus län","Ärter","Totalskörd, ton","Värde",.,.,.,.,.
"122 f.d. Malmöhus län","Åkerbönor","Areal, hektar","Värde",.,.,.,.,.
"122 f.d. Malmöhus län","Åkerbönor","Totalskörd, ton","Värde",.,.,.,.,.
"122 f.d. Malmöhus län","Höstraps","Areal, hektar","Värde",.,.,.,.,.
"122 f.d. Malmöhus län","Höstraps","Totalskörd, ton","Värde",.,.,.,.,.
"122 f.d. Malmöhus län","Vårraps","Areal, hektar","Värde",.,.,.,.,.
"122 f.d. Malmöhus län","Vårraps","Totalskörd, ton","Värde",.,.,.,.,.
"122 f.d. Malmöhus län","Höstrybs","Areal, hektar","Värde",.,.,.,.,.
"122 f.d. Malmöhus län","Höstrybs","Totalskörd, ton","Värde",.,.,.,.,.
"122 f.d. Malmöhus län","Vårrybs","Areal, hektar","Värde",.,.,.,.,.
"122 f.d. Malmöhus län","Vårrybs","Totalskörd, ton","Värde",.,.,.,.,.
"122 f.d. Malmöhus län","Stråsädesgrödor (exkl. majs) till grönfoder","Areal, hektar","Värde",.,.,.,.,.
"122 f.d. Malmöhus län","Stråsädesgrödor (exkl. majs) till grönfoder","Totalskörd, ton","Värde",.,.,.,.,.
"122 f.d. Malmöhus län","Majs till grönfoder","Areal, hektar","Värde",.,.,.,.,.
"122 f.d. Malmöhus län","Majs till grönfoder","Totalskörd, ton","Värde",.,.,.,.,.
"122 f.d. Malmöhus län","Andra ettåriga grödor till grönfoder","Areal, hektar","Värde",.,.,.,.,.
"122 f.d. Malmöhus län","Andra ettåriga grödor till grönfoder","Totalskörd, ton","Värde",.,.,.,.,.
"122 f.d. Malmöhus län","Oljelin","Areal, hektar","Värde",.,.,.,.,.
"122 f.d. Malmöhus län","Oljelin","Totalskörd, ton","Värde",.,.,.,.,.
"122 f.d. Malmöhus län","Matpotatis","Areal, hektar","Värde",.,.,.,.,.
"122 f.d. Malmöhus län","Matpotatis","Totalskörd, ton","Värde",.,.,.,.,.
"122 f.d. Malmöhus län","Potatis för stärkelse","Areal, hektar","Värde",.,.,.,.,.
"122 f.d. Malmöhus län","Potatis för stärkelse","Totalskörd, ton","Värde",.,.,.,.,.
"122 f.d. Malmöhus län","Sockerbetor","Areal, hektar","Värde",.,.,.,.,.
"122 f.d. Malmöhus län","Sockerbetor","Totalskörd, ton","Värde",.,.,.,.,.
"122 f.d. Malmöhus län","Slåttervall, första skörd","Areal, hektar","Värde",.,.,.,.,.
"122 f.d. Malmöhus län","Slåttervall, första skörd","Totalskörd, ton","Värde",.,.,.,.,.
"122 f.d. Malmöhus län","Slåttervall, återväxt","Areal, hektar","Värde",.,.,.,.,.
"122 f.d. Malmöhus län","Slåttervall, återväxt","Totalskörd, ton","Värde",.,.,.,.,.
"122 f.d. Malmöhus län","Slåttervall, total vallskörd","Areal, hektar","Värde",.,.,.,.,.
"122 f.d. Malmöhus län","Slåttervall, total vallskörd","Totalskörd, ton","Värde",.,.,.,.,.
"13 Hallands län","Höstvete","Areal, hektar","Värde",14840,14100,16240,14600,14740
"13 Hallands län","Höstvete","Totalskörd, ton","Värde",96300,101900,101500,91300,108500
"13 Hallands län","Vårvete","Areal, hektar","Värde",1830,1950,1380,2380,2540
"13 Hallands län","Vårvete","Totalskörd, ton","Värde",7900,10400,4400,11300,12700
"13 Hallands län","Råg","Areal, hektar","Värde",1230,1020,1100,1090,1500
"13 Hallands län","Råg","Totalskörd, ton","Värde",7800,5900,6400,6000,9700
"13 Hallands län","Höstkorn","Areal, hektar","Värde",1260,1130,990,830,970
"13 Hallands län","Höstkorn","Totalskörd, ton","Värde",6400,6700,5200,4400,5800
"13 Hallands län","Vårkorn","Areal, hektar","Värde",13950,14690,13380,15920,14970
"13 Hallands län","Vårkorn","Totalskörd, ton","Värde",53500,86800,46900,77300,90700
"13 Hallands län","Havre","Areal, hektar","Värde",7320,7290,5950,6110,6070
"13 Hallands län","Havre","Totalskörd, ton","Värde",26300,42500,21200,29200,34500
"13 Hallands län","Rågvete","Areal, hektar","Värde",1510,1280,1400,870,1100
"13 Hallands län","Rågvete","Totalskörd, ton","Värde",8000,7600,4700,..,5800
"13 Hallands län","Höstrågvete","Areal, hektar","Värde",1460,1270,1400,810,1020
"13 Hallands län","Höstrågvete","Totalskörd, ton","Värde",8000,7600,4700,..,5400
"13 Hallands län","Vårrågvete","Areal, hektar","Värde",40,20,..,60,80
"13 Hallands län","Vårrågvete","Totalskörd, ton","Värde",..,..,..,..,..
"13 Hallands län","Blandsäd","Areal, hektar","Värde",330,290,80,310,70
"13 Hallands län","Blandsäd","Totalskörd, ton","Värde",..,..,..,..,..
"13 Hallands län","Majs","Areal, hektar","Värde",250,400,380,850,360
"13 Hallands län","Majs","Totalskörd, ton","Värde",..,..,..,..,..
"13 Hallands län","Spannmål totalt","Areal, hektar","Värde",42520,42160,40910,42970,42320
"13 Hallands län","Spannmål totalt","Totalskörd, ton","Värde",209200,266600,193100,230200,271200
"13 Hallands län","Ärter","Areal, hektar","Värde",250,260,160,140,150
"13 Hallands län","Ärter","Totalskörd, ton","Värde",..,..,..,..,..
"13 Hallands län","Åkerbönor","Areal, hektar","Värde",1140,1390,1350,1240,1050
"13 Hallands län","Åkerbönor","Totalskörd, ton","Värde",3200,5900,3800,4000,4200
"13 Hallands län","Höstraps","Areal, hektar","Värde",4150,4720,5060,2140,3390
"13 Hallands län","Höstraps","Totalskörd, ton","Värde",13100,16700,14600,6000,13300
"13 Hallands län","Vårraps","Areal, hektar","Värde",160,200,140,610,240
"13 Hallands län","Vårraps","Totalskörd, ton","Värde",..,..,..,..,..
"13 Hallands län","Höstrybs","Areal, hektar","Värde",10,..,20,..,..
"13 Hallands län","Höstrybs","Totalskörd, ton","Värde",..,..,..,..,..
"13 Hallands län","Vårrybs","Areal, hektar","Värde",..,..,..,..,..
"13 Hallands län","Vårrybs","Totalskörd, ton","Värde",..,..,..,..,..
"13 Hallands län","Stråsädesgrödor (exkl. majs) till grönfoder","Areal, hektar","Värde",2070,840,2740,1460,1670
"13 Hallands län","Stråsädesgrödor (exkl. majs) till grönfoder","Totalskörd, ton","Värde",5800,3000,8700,5200,8800
"13 Hallands län","Majs till grönfoder","Areal, hektar","Värde",2580,2870,3630,3940,4620
"13 Hallands län","Majs till grönfoder","Totalskörd, ton","Värde",35100,35100,43300,40600,50000
"13 Hallands län","Andra ettåriga grödor till grönfoder","Areal, hektar","Värde",400,240,470,300,470
"13 Hallands län","Andra ettåriga grödor till grönfoder","Totalskörd, ton","Värde",..,..,..,..,..
"13 Hallands län","Oljelin","Areal, hektar","Värde",..,..,..,..,..
"13 Hallands län","Oljelin","Totalskörd, ton","Värde",..,..,..,..,..
"13 Hallands län","Matpotatis","Areal, hektar","Värde",1740,1810,1820,1890,2050
"13 Hallands län","Matpotatis","Totalskörd, ton","Värde",67100,74400,64500,65800,90700
"13 Hallands län","Potatis för stärkelse","Areal, hektar","Värde",50,60,20,20,20
"13 Hallands län","Potatis för stärkelse","Totalskörd, ton","Värde",..,..,..,..,..
"13 Hallands län","Sockerbetor","Areal, hektar","Värde",710,711,670,620,510
"13 Hallands län","Sockerbetor","Totalskörd, ton","Värde",47000,44200,42200,39200,42800
"13 Hallands län","Slåttervall, första skörd","Areal, hektar","Värde",34490,29880,36460,33700,30900
"13 Hallands län","Slåttervall, första skörd","Totalskörd, ton","Värde",128500,120900,79700,115100,87300
"13 Hallands län","Slåttervall, återväxt","Areal, hektar","Värde",.,.,.,.,.
"13 Hallands län","Slåttervall, återväxt","Totalskörd, ton","Värde",142400,85000,143700,156100,109400
"13 Hallands län","Slåttervall, total vallskörd","Areal, hektar","Värde",.,.,.,.,.
"13 Hallands län","Slåttervall, total vallskörd","Totalskörd, ton","Värde",270900,205900,223400,271200,196800
"14 Västra Götalands län","Höstvete","Areal, hektar","Värde",77840,69510,86720,73830,87040
"14 Västra Götalands län","Höstvete","Totalskörd, ton","Värde",514000,526800,567100,474000,674900
"14 Västra Götalands län","Vårvete","Areal, hektar","Värde",6640,7400,5910,9590,6610
"14 Västra Götalands län","Vårvete","Totalskörd, ton","Värde",21100,34400,15600,31100,29300
"14 Västra Götalands län","Råg","Areal, hektar","Värde",5860,4610,6650,6080,6220
"14 Västra Götalands län","Råg","Totalskörd, ton","Värde",36100,29500,37000,31900,41100
"14 Västra Götalands län","Höstkorn","Areal, hektar","Värde",2320,2840,2800,3550,4080
"14 Västra Götalands län","Höstkorn","Totalskörd, ton","Värde",14900,18600,17100,19500,30000
"14 Västra Götalands län","Vårkorn","Areal, hektar","Värde",35990,41720,35890,45630,35780
"14 Västra Götalands län","Vårkorn","Totalskörd, ton","Värde",138400,228900,129400,198700,210300
"14 Västra Götalands län","Havre","Areal, hektar","Värde",62030,58250,52010,57050,54120
"14 Västra Götalands län","Havre","Totalskörd, ton","Värde",215400,293400,165600,233400,280000
"14 Västra Götalands län","Rågvete","Areal, hektar","Värde",4810,4370,5240,4120,5310
"14 Västra Götalands län","Rågvete","Totalskörd, ton","Värde",27900,27200,25200,23300,33100
"14 Västra Götalands län","Höstrågvete","Areal, hektar","Värde",4550,3860,4890,3820,5020
"14 Västra Götalands län","Höstrågvete","Totalskörd, ton","Värde",26900,24700,24200,22300,31800
"14 Västra Götalands län","Vårrågvete","Areal, hektar","Värde",260,510,360,300,290
"14 Västra Götalands län","Vårrågvete","Totalskörd, ton","Värde",..,..,..,..,..
"14 Västra Götalands län","Blandsäd","Areal, hektar","Värde",4300,5180,3260,5150,3170
"14 Västra Götalands län","Blandsäd","Totalskörd, ton","Värde",14200,21600,10300,17300,13800
"14 Västra Götalands län","Majs","Areal, hektar","Värde",30,30,40,60,70
"14 Västra Götalands län","Majs","Totalskörd, ton","Värde",..,..,..,..,..
"14 Västra Götalands län","Spannmål totalt","Areal, hektar","Värde",199830,193900,198530,205060,202400
"14 Västra Götalands län","Spannmål totalt","Totalskörd, ton","Värde",982400,1180500,967600,1029500,1313100
"14 Västra Götalands län","Ärter","Areal, hektar","Värde",2460,3460,3580,3390,2190
"14 Västra Götalands län","Ärter","Totalskörd, ton","Värde",6300,12600,9700,8200,9300
"14 Västra Götalands län","Åkerbönor","Areal, hektar","Värde",7240,7510,6060,5660,5230
"14 Västra Götalands län","Åkerbönor","Totalskörd, ton","Värde",16600,27400,15800,18800,19900
"14 Västra Götalands län","Höstraps","Areal, hektar","Värde",13200,15530,17140,8390,16290
"14 Västra Götalands län","Höstraps","Totalskörd, ton","Värde",48900,55000,57800,23200,68200
"14 Västra Götalands län","Vårraps","Areal, hektar","Värde",760,2050,1480,1830,1190
"14 Västra Götalands län","Vårraps","Totalskörd, ton","Värde",..,5100,3300,3900,2700
"14 Västra Götalands län","Höstrybs","Areal, hektar","Värde",70,..,60,..,..
"14 Västra Götalands län","Höstrybs","Totalskörd, ton","Värde",..,..,..,..,..
"14 Västra Götalands län","Vårrybs","Areal, hektar","Värde",200,300,120,130,70
"14 Västra Götalands län","Vårrybs","Totalskörd, ton","Värde",..,..,..,..,..
"14 Västra Götalands län","Stråsädesgrödor (exkl. majs) till grönfoder","Areal, hektar","Värde",8510,5770,9310,5010,6740
"14 Västra Götalands län","Stråsädesgrödor (exkl. majs) till grönfoder","Totalskörd, ton","Värde",23700,20500,35400,16300,23600
"14 Västra Götalands län","Majs till grönfoder","Areal, hektar","Värde",780,920,1380,1970,3610
"14 Västra Götalands län","Majs till grönfoder","Totalskörd, ton","Värde",..,10400,14400,18000,37700
"14 Västra Götalands län","Andra ettåriga grödor till grönfoder","Areal, hektar","Värde",3440,3620,4470,4080,3480
"14 Västra Götalands län","Andra ettåriga grödor till grönfoder","Totalskörd, ton","Värde",18300,15500,..,19500,12300
"14 Västra Götalands län","Oljelin","Areal, hektar","Värde",140,410,250,280,240
"14 Västra Götalands län","Oljelin","Totalskörd, ton","Värde",..,..,..,..,..
"14 Västra Götalands län","Matpotatis","Areal, hektar","Värde",1770,1700,1580,1660,1680
"14 Västra Götalands län","Matpotatis","Totalskörd, ton","Värde",54300,57300,51800,57000,57600
"14 Västra Götalands län","Potatis för stärkelse","Areal, hektar","Värde",80,70,50,50,60
"14 Västra Götalands län","Potatis för stärkelse","Totalskörd, ton","Värde",..,..,..,..,..
"14 Västra Götalands län","Sockerbetor","Areal, hektar","Värde",..,..,..,..,..
"14 Västra Götalands län","Sockerbetor","Totalskörd, ton","Värde",..,..,..,..,..
"14 Västra Götalands län","Slåttervall, första skörd","Areal, hektar","Värde",130810,140110,137410,136020,129580
"14 Västra Götalands län","Slåttervall, första skörd","Totalskörd, ton","Värde",399100,421900,311300,439500,345400
"14 Västra Götalands län","Slåttervall, återväxt","Areal, hektar","Värde",.,.,.,.,.
"14 Västra Götalands län","Slåttervall, återväxt","Totalskörd, ton","Värde",311200,335100,453400,392000,326200
"14 Västra Götalands län","Slåttervall, total vallskörd","Areal, hektar","Värde",.,.,.,.,.
"14 Västra Götalands län","Slåttervall, total vallskörd","Totalskörd, ton","Värde",710300,757000,764700,831500,671600
"141 f.d. Göteborgs o Bohus län","Höstvete","Areal, hektar","Värde",.,.,.,.,.
"141 f.d. Göteborgs o Bohus län","Höstvete","Totalskörd, ton","Värde",.,.,.,.,.
"141 f.d. Göteborgs o Bohus län","Vårvete","Areal, hektar","Värde",.,.,.,.,.
"141 f.d. Göteborgs o Bohus län","Vårvete","Totalskörd, ton","Värde",.,.,.,.,.
"141 f.d. Göteborgs o Bohus län","Råg","Areal, hektar","Värde",.,.,.,.,.
"141 f.d. Göteborgs o Bohus län","Råg","Totalskörd, ton","Värde",.,.,.,.,.
"141 f.d. Göteborgs o Bohus län","Höstkorn","Areal, hektar","Värde",.,.,.,.,.
"141 f.d. Göteborgs o Bohus län","Höstkorn","Totalskörd, ton","Värde",.,.,.,.,.
"141 f.d. Göteborgs o Bohus län","Vårkorn","Areal, hektar","Värde",.,.,.,.,.
"141 f.d. Göteborgs o Bohus län","Vårkorn","Totalskörd, ton","Värde",.,.,.,.,.
"141 f.d. Göteborgs o Bohus län","Havre","Areal, hektar","Värde",.,.,.,.,.
"141 f.d. Göteborgs o Bohus län","Havre","Totalskörd, ton","Värde",.,.,.,.,.
"141 f.d. Göteborgs o Bohus län","Rågvete","Areal, hektar","Värde",.,.,.,.,.
"141 f.d. Göteborgs o Bohus län","Rågvete","Totalskörd, ton","Värde",.,.,.,.,.
"141 f.d. Göteborgs o Bohus län","Höstrågvete","Areal, hektar","Värde",.,.,.,.,.
"141 f.d. Göteborgs o Bohus län","Höstrågvete","Totalskörd, ton","Värde",.,.,.,.,.
"141 f.d. Göteborgs o Bohus län","Vårrågvete","Areal, hektar","Värde",.,.,.,.,.
"141 f.d. Göteborgs o Bohus län","Vårrågvete","Totalskörd, ton","Värde",.,.,.,.,.
"141 f.d. Göteborgs o Bohus län","Blandsäd","Areal, hektar","Värde",.,.,.,.,.
"141 f.d. Göteborgs o Bohus län","Blandsäd","Totalskörd, ton","Värde",.,.,.,.,.
"141 f.d. Göteborgs o Bohus län","Majs","Areal, hektar","Värde",.,.,.,.,.
"141 f.d. Göteborgs o Bohus län","Majs","Totalskörd, ton","Värde",.,.,.,.,.
"141 f.d. Göteborgs o Bohus län","Spannmål totalt","Areal, hektar","Värde",.,.,.,.,.
"141 f.d. Göteborgs o Bohus län","Spannmål totalt","Totalskörd, ton","Värde",.,.,.,.,.
"141 f.d. Göteborgs o Bohus län","Ärter","Areal, hektar","Värde",.,.,.,.,.
"141 f.d. Göteborgs o Bohus län","Ärter","Totalskörd, ton","Värde",.,.,.,.,.
"141 f.d. Göteborgs o Bohus län","Åkerbönor","Areal, hektar","Värde",.,.,.,.,.
"141 f.d. Göteborgs o Bohus län","Åkerbönor","Totalskörd, ton","Värde",.,.,.,.,.
"141 f.d. Göteborgs o Bohus län","Höstraps","Areal, hektar","Värde",.,.,.,.,.
"141 f.d. Göteborgs o Bohus län","Höstraps","Totalskörd, ton","Värde",.,.,.,.,.
"141 f.d. Göteborgs o Bohus län","Vårraps","Areal, hektar","Värde",.,.,.,.,.
"141 f.d. Göteborgs o Bohus län","Vårraps","Totalskörd, ton","Värde",.,.,.,.,.
"141 f.d. Göteborgs o Bohus län","Höstrybs","Areal, hektar","Värde",.,.,.,.,.
"141 f.d. Göteborgs o Bohus län","Höstrybs","Totalskörd, ton","Värde",.,.,.,.,.
"141 f.d. Göteborgs o Bohus län","Vårrybs","Areal, hektar","Värde",.,.,.,.,.
"141 f.d. Göteborgs o Bohus län","Vårrybs","Totalskörd, ton","Värde",.,.,.,.,.
"141 f.d. Göteborgs o Bohus län","Stråsädesgrödor (exkl. majs) till grönfoder","Areal, hektar","Värde",.,.,.,.,.
"141 f.d. Göteborgs o Bohus län","Stråsädesgrödor (exkl. majs) till grönfoder","Totalskörd, ton","Värde",.,.,.,.,.
"141 f.d. Göteborgs o Bohus län","Majs till grönfoder","Areal, hektar","Värde",.,.,.,.,.
"141 f.d. Göteborgs o Bohus län","Majs till grönfoder","Totalskörd, ton","Värde",.,.,.,.,.
"141 f.d. Göteborgs o Bohus län","Andra ettåriga grödor till grönfoder","Areal, hektar","Värde",.,.,.,.,.
"141 f.d. Göteborgs o Bohus län","Andra ettåriga grödor till grönfoder","Totalskörd, ton","Värde",.,.,.,.,.
"141 f.d. Göteborgs o Bohus län","Oljelin","Areal, hektar","Värde",.,.,.,.,.
"141 f.d. Göteborgs o Bohus län","Oljelin","Totalskörd, ton","Värde",.,.,.,.,.
"141 f.d. Göteborgs o Bohus län","Matpotatis","Areal, hektar","Värde",.,.,.,.,.
"141 f.d. Göteborgs o Bohus län","Matpotatis","Totalskörd, ton","Värde",.,.,.,.,.
"141 f.d. Göteborgs o Bohus län","Potatis för stärkelse","Areal, hektar","Värde",.,.,.,.,.
"141 f.d. Göteborgs o Bohus län","Potatis för stärkelse","Totalskörd, ton","Värde",.,.,.,.,.
"141 f.d. Göteborgs o Bohus län","Sockerbetor","Areal, hektar","Värde",.,.,.,.,.
"141 f.d. Göteborgs o Bohus län","Sockerbetor","Totalskörd, ton","Värde",.,.,.,.,.
"141 f.d. Göteborgs o Bohus län","Slåttervall, första skörd","Areal, hektar","Värde",.,.,.,.,.
"141 f.d. Göteborgs o Bohus län","Slåttervall, första skörd","Totalskörd, ton","Värde",.,.,.,.,.
"141 f.d. Göteborgs o Bohus län","Slåttervall, återväxt","Areal, hektar","Värde",.,.,.,.,.
"141 f.d. Göteborgs o Bohus län","Slåttervall, återväxt","Totalskörd, ton","Värde",.,.,.,.,.
"141 f.d. Göteborgs o Bohus län","Slåttervall, total vallskörd","Areal, hektar","Värde",.,.,.,.,.
"141 f.d. Göteborgs o Bohus län","Slåttervall, total vallskörd","Totalskörd, ton","Värde",.,.,.,.,.
"15 f.d. Älvsborgs län","Höstvete","Areal, hektar","Värde",.,.,.,.,.
"15 f.d. Älvsborgs län","Höstvete","Totalskörd, ton","Värde",.,.,.,.,.
"15 f.d. Älvsborgs län","Vårvete","Areal, hektar","Värde",.,.,.,.,.
"15 f.d. Älvsborgs län","Vårvete","Totalskörd, ton","Värde",.,.,.,.,.
"15 f.d. Älvsborgs län","Råg","Areal, hektar","Värde",.,.,.,.,.
"15 f.d. Älvsborgs län","Råg","Totalskörd, ton","Värde",.,.,.,.,.
"15 f.d. Älvsborgs län","Höstkorn","Areal, hektar","Värde",.,.,.,.,.
"15 f.d. Älvsborgs län","Höstkorn","Totalskörd, ton","Värde",.,.,.,.,.
"15 f.d. Älvsborgs län","Vårkorn","Areal, hektar","Värde",.,.,.,.,.
"15 f.d. Älvsborgs län","Vårkorn","Totalskörd, ton","Värde",.,.,.,.,.
"15 f.d. Älvsborgs län","Havre","Areal, hektar","Värde",.,.,.,.,.
"15 f.d. Älvsborgs län","Havre","Totalskörd, ton","Värde",.,.,.,.,.
"15 f.d. Älvsborgs län","Rågvete","Areal, hektar","Värde",.,.,.,.,.
"15 f.d. Älvsborgs län","Rågvete","Totalskörd, ton","Värde",.,.,.,.,.
"15 f.d. Älvsborgs län","Höstrågvete","Areal, hektar","Värde",.,.,.,.,.
"15 f.d. Älvsborgs län","Höstrågvete","Totalskörd, ton","Värde",.,.,.,.,.
"15 f.d. Älvsborgs län","Vårrågvete","Areal, hektar","Värde",.,.,.,.,.
"15 f.d. Älvsborgs län","Vårrågvete","Totalskörd, ton","Värde",.,.,.,.,.
"15 f.d. Älvsborgs län","Blandsäd","Areal, hektar","Värde",.,.,.,.,.
"15 f.d. Älvsborgs län","Blandsäd","Totalskörd, ton","Värde",.,.,.,.,.
"15 f.d. Älvsborgs län","Majs","Areal, hektar","Värde",.,.,.,.,.
"15 f.d. Älvsborgs län","Majs","Totalskörd, ton","Värde",.,.,.,.,.
"15 f.d. Älvsborgs län","Spannmål totalt","Areal, hektar","Värde",.,.,.,.,.
"15 f.d. Älvsborgs län","Spannmål totalt","Totalskörd, ton","Värde",.,.,.,.,.
"15 f.d. Älvsborgs län","Ärter","Areal, hektar","Värde",.,.,.,.,.
"15 f.d. Älvsborgs län","Ärter","Totalskörd, ton","Värde",.,.,.,.,.
"15 f.d. Älvsborgs län","Åkerbönor","Areal, hektar","Värde",.,.,.,.,.
"15 f.d. Älvsborgs län","Åkerbönor","Totalskörd, ton","Värde",.,.,.,.,.
"15 f.d. Älvsborgs län","Höstraps","Areal, hektar","Värde",.,.,.,.,.
"15 f.d. Älvsborgs län","Höstraps","Totalskörd, ton","Värde",.,.,.,.,.
"15 f.d. Älvsborgs län","Vårraps","Areal, hektar","Värde",.,.,.,.,.
"15 f.d. Älvsborgs län","Vårraps","Totalskörd, ton","Värde",.,.,.,.,.
"15 f.d. Älvsborgs län","Höstrybs","Areal, hektar","Värde",.,.,.,.,.
"15 f.d. Älvsborgs län","Höstrybs","Totalskörd, ton","Värde",.,.,.,.,.
"15 f.d. Älvsborgs län","Vårrybs","Areal, hektar","Värde",.,.,.,.,.
"15 f.d. Älvsborgs län","Vårrybs","Totalskörd, ton","Värde",.,.,.,.,.
"15 f.d. Älvsborgs län","Stråsädesgrödor (exkl. majs) till grönfoder","Areal, hektar","Värde",.,.,.,.,.
"15 f.d. Älvsborgs län","Stråsädesgrödor (exkl. majs) till grönfoder","Totalskörd, ton","Värde",.,.,.,.,.
"15 f.d. Älvsborgs län","Majs till grönfoder","Areal, hektar","Värde",.,.,.,.,.
"15 f.d. Älvsborgs län","Majs till grönfoder","Totalskörd, ton","Värde",.,.,.,.,.
"15 f.d. Älvsborgs län","Andra ettåriga grödor till grönfoder","Areal, hektar","Värde",.,.,.,.,.
"15 f.d. Älvsborgs län","Andra ettåriga grödor till grönfoder","Totalskörd, ton","Värde",.,.,.,.,.
"15 f.d. Älvsborgs län","Oljelin","Areal, hektar","Värde",.,.,.,.,.
"15 f.d. Älvsborgs län","Oljelin","Totalskörd, ton","Värde",.,.,.,.,.
"15 f.d. Älvsborgs län","Matpotatis","Areal, hektar","Värde",.,.,.,.,.
"15 f.d. Älvsborgs län","Matpotatis","Totalskörd, ton","Värde",.,.,.,.,.
"15 f.d. Älvsborgs län","Potatis för stärkelse","Areal, hektar","Värde",.,.,.,.,.
"15 f.d. Älvsborgs län","Potatis för stärkelse","Totalskörd, ton","Värde",.,.,.,.,.
"15 f.d. Älvsborgs län","Sockerbetor","Areal, hektar","Värde",.,.,.,.,.
"15 f.d. Älvsborgs län","Sockerbetor","Totalskörd, ton","Värde",.,.,.,.,.
"15 f.d. Älvsborgs län","Slåttervall, första skörd","Areal, hektar","Värde",.,.,.,.,.
"15 f.d. Älvsborgs län","Slåttervall, första skörd","Totalskörd, ton","Värde",.,.,.,.,.
"15 f.d. Älvsborgs län","Slåttervall, återväxt","Areal, hektar","Värde",.,.,.,.,.
"15 f.d. Älvsborgs län","Slåttervall, återväxt","Totalskörd, ton","Värde",.,.,.,.,.
"15 f.d. Älvsborgs län","Slåttervall, total vallskörd","Areal, hektar","Värde",.,.,.,.,.
"15 f.d. Älvsborgs län","Slåttervall, total vallskörd","Totalskörd, ton","Värde",.,.,.,.,.
"16 f.d. Skaraborgs län","Höstvete","Areal, hektar","Värde",.,.,.,.,.
"16 f.d. Skaraborgs län","Höstvete","Totalskörd, ton","Värde",.,.,.,.,.
"16 f.d. Skaraborgs län","Vårvete","Areal, hektar","Värde",.,.,.,.,.
"16 f.d. Skaraborgs län","Vårvete","Totalskörd, ton","Värde",.,.,.,.,.
"16 f.d. Skaraborgs län","Råg","Areal, hektar","Värde",.,.,.,.,.
"16 f.d. Skaraborgs län","Råg","Totalskörd, ton","Värde",.,.,.,.,.
"16 f.d. Skaraborgs län","Höstkorn","Areal, hektar","Värde",.,.,.,.,.
"16 f.d. Skaraborgs län","Höstkorn","Totalskörd, ton","Värde",.,.,.,.,.
"16 f.d. Skaraborgs län","Vårkorn","Areal, hektar","Värde",.,.,.,.,.
"16 f.d. Skaraborgs län","Vårkorn","Totalskörd, ton","Värde",.,.,.,.,.
"16 f.d. Skaraborgs län","Havre","Areal, hektar","Värde",.,.,.,.,.
"16 f.d. Skaraborgs län","Havre","Totalskörd, ton","Värde",.,.,.,.,.
"16 f.d. Skaraborgs län","Rågvete","Areal, hektar","Värde",.,.,.,.,.
"16 f.d. Skaraborgs län","Rågvete","Totalskörd, ton","Värde",.,.,.,.,.
"16 f.d. Skaraborgs län","Höstrågvete","Areal, hektar","Värde",.,.,.,.,.
"16 f.d. Skaraborgs län","Höstrågvete","Totalskörd, ton","Värde",.,.,.,.,.
"16 f.d. Skaraborgs län","Vårrågvete","Areal, hektar","Värde",.,.,.,.,.
"16 f.d. Skaraborgs län","Vårrågvete","Totalskörd, ton","Värde",.,.,.,.,.
"16 f.d. Skaraborgs län","Blandsäd","Areal, hektar","Värde",.,.,.,.,.
"16 f.d. Skaraborgs län","Blandsäd","Totalskörd, ton","Värde",.,.,.,.,.
"16 f.d. Skaraborgs län","Majs","Areal, hektar","Värde",.,.,.,.,.
"16 f.d. Skaraborgs län","Majs","Totalskörd, ton","Värde",.,.,.,.,.
"16 f.d. Skaraborgs län","Spannmål totalt","Areal, hektar","Värde",.,.,.,.,.
"16 f.d. Skaraborgs län","Spannmål totalt","Totalskörd, ton","Värde",.,.,.,.,.
"16 f.d. Skaraborgs län","Ärter","Areal, hektar","Värde",.,.,.,.,.
"16 f.d. Skaraborgs län","Ärter","Totalskörd, ton","Värde",.,.,.,.,.
"16 f.d. Skaraborgs län","Åkerbönor","Areal, hektar","Värde",.,.,.,.,.
"16 f.d. Skaraborgs län","Åkerbönor","Totalskörd, ton","Värde",.,.,.,.,.
"16 f.d. Skaraborgs län","Höstraps","Areal, hektar","Värde",.,.,.,.,.
"16 f.d. Skaraborgs län","Höstraps","Totalskörd, ton","Värde",.,.,.,.,.
"16 f.d. Skaraborgs län","Vårraps","Areal, hektar","Värde",.,.,.,.,.
"16 f.d. Skaraborgs län","Vårraps","Totalskörd, ton","Värde",.,.,.,.,.
"16 f.d. Skaraborgs län","Höstrybs","Areal, hektar","Värde",.,.,.,.,.
"16 f.d. Skaraborgs län","Höstrybs","Totalskörd, ton","Värde",.,.,.,.,.
"16 f.d. Skaraborgs län","Vårrybs","Areal, hektar","Värde",.,.,.,.,.
"16 f.d. Skaraborgs län","Vårrybs","Totalskörd, ton","Värde",.,.,.,.,.
"16 f.d. Skaraborgs län","Stråsädesgrödor (exkl. majs) till grönfoder","Areal, hektar","Värde",.,.,.,.,.
"16 f.d. Skaraborgs län","Stråsädesgrödor (exkl. majs) till grönfoder","Totalskörd, ton","Värde",.,.,.,.,.
"16 f.d. Skaraborgs län","Majs till grönfoder","Areal, hektar","Värde",.,.,.,.,.
"16 f.d. Skaraborgs län","Majs till grönfoder","Totalskörd, ton","Värde",.,.,.,.,.
"16 f.d. Skaraborgs län","Andra ettåriga grödor till grönfoder","Areal, hektar","Värde",.,.,.,.,.
"16 f.d. Skaraborgs län","Andra ettåriga grödor till grönfoder","Totalskörd, ton","Värde",.,.,.,.,.
"16 f.d. Skaraborgs län","Oljelin","Areal, hektar","Värde",.,.,.,.,.
"16 f.d. Skaraborgs län","Oljelin","Totalskörd, ton","Värde",.,.,.,.,.
"16 f.d. Skaraborgs län","Matpotatis","Areal, hektar","Värde",.,.,.,.,.
"16 f.d. Skaraborgs län","Matpotatis","Totalskörd, ton","Värde",.,.,.,.,.
"16 f.d. Skaraborgs län","Potatis för stärkelse","Areal, hektar","Värde",.,.,.,.,.
"16 f.d. Skaraborgs län","Potatis för stärkelse","Totalskörd, ton","Värde",.,.,.,.,.
"16 f.d. Skaraborgs län","Sockerbetor","Areal, hektar","Värde",.,.,.,.,.
"16 f.d. Skaraborgs län","Sockerbetor","Totalskörd, ton","Värde",.,.,.,.,.
"16 f.d. Skaraborgs län","Slåttervall, första skörd","Areal, hektar","Värde",.,.,.,.,.
"16 f.d. Skaraborgs län","Slåttervall, första skörd","Totalskörd, ton","Värde",.,.,.,.,.
"16 f.d. Skaraborgs län","Slåttervall, återväxt","Areal, hektar","Värde",.,.,.,.,.
"16 f.d. Skaraborgs län","Slåttervall, återväxt","Totalskörd, ton","Värde",.,.,.,.,.
"16 f.d. Skaraborgs län","Slåttervall, total vallskörd","Areal, hektar","Värde",.,.,.,.,.
"16 f.d. Skaraborgs län","Slåttervall, total vallskörd","Totalskörd, ton","Värde",.,.,.,.,.
"17 Värmlands län","Höstvete","Areal, hektar","Värde",4400,5280,7050,4290,6950
"17 Värmlands län","Höstvete","Totalskörd, ton","Värde",20500,30000,39500,22400,51000
"17 Värmlands län","Vårvete","Areal, hektar","Värde",2840,2740,3630,4140,3630
"17 Värmlands län","Vårvete","Totalskörd, ton","Värde",12200,12300,11200,15200,15000
"17 Värmlands län","Råg","Areal, hektar","Värde",490,460,440,550,390
"17 Värmlands län","Råg","Totalskörd, ton","Värde",..,..,..,..,..
"17 Värmlands län","Höstkorn","Areal, hektar","Värde",160,220,250,210,310
"17 Värmlands län","Höstkorn","Totalskörd, ton","Värde",..,..,..,..,..
"17 Värmlands län","Vårkorn","Areal, hektar","Värde",8360,7660,6710,6970,7010
"17 Värmlands län","Vårkorn","Totalskörd, ton","Värde",28600,34300,18600,26800,33200
"17 Värmlands län","Havre","Areal, hektar","Värde",12800,12490,12310,13760,12260
"17 Värmlands län","Havre","Totalskörd, ton","Värde",38200,52600,37500,52400,52000
"17 Värmlands län","Rågvete","Areal, hektar","Värde",120,160,180,150,280
"17 Värmlands län","Rågvete","Totalskörd, ton","Värde",..,..,..,..,..
"17 Värmlands län","Höstrågvete","Areal, hektar","Värde",100,80,130,60,160
"17 Värmlands län","Höstrågvete","Totalskörd, ton","Värde",..,..,..,..,..
"17 Värmlands län","Vårrågvete","Areal, hektar","Värde",20,..,60,90,120
"17 Värmlands län","Vårrågvete","Totalskörd, ton","Värde",..,..,..,..,..
"17 Värmlands län","Blandsäd","Areal, hektar","Värde",570,550,760,860,420
"17 Värmlands län","Blandsäd","Totalskörd, ton","Värde",..,..,1700,..,..
"17 Värmlands län","Majs","Areal, hektar","Värde",..,..,..,..,..
"17 Värmlands län","Majs","Totalskörd, ton","Värde",..,..,..,..,..
"17 Värmlands län","Spannmål totalt","Areal, hektar","Värde",29750,29560,31340,30910,31250
"17 Värmlands län","Spannmål totalt","Totalskörd, ton","Värde",105600,134300,112500,124500,157900
"17 Värmlands län","Ärter","Areal, hektar","Värde",600,720,730,600,450
"17 Värmlands län","Ärter","Totalskörd, ton","Värde",1300,2400,1500,1600,..
"17 Värmlands län","Åkerbönor","Areal, hektar","Värde",770,790,500,420,290
"17 Värmlands län","Åkerbönor","Totalskörd, ton","Värde",1500,1800,..,..,..
"17 Värmlands län","Höstraps","Areal, hektar","Värde",350,660,420,270,480
"17 Värmlands län","Höstraps","Totalskörd, ton","Värde",..,..,..,..,..
"17 Värmlands län","Vårraps","Areal, hektar","Värde",440,950,970,900,710
"17 Värmlands län","Vårraps","Totalskörd, ton","Värde",..,2300,1900,2200,..
"17 Värmlands län","Höstrybs","Areal, hektar","Värde",..,20,..,..,..
"17 Värmlands län","Höstrybs","Totalskörd, ton","Värde",..,..,..,..,..
"17 Värmlands län","Vårrybs","Areal, hektar","Värde",70,80,50,170,110
"17 Värmlands län","Vårrybs","Totalskörd, ton","Värde",..,..,..,..,..
"17 Värmlands län","Stråsädesgrödor (exkl. majs) till grönfoder","Areal, hektar","Värde",3190,1900,2220,1370,2630
"17 Värmlands län","Stråsädesgrödor (exkl. majs) till grönfoder","Totalskörd, ton","Värde",6300,4500,4800,4600,6900
"17 Värmlands län","Majs till grönfoder","Areal, hektar","Värde",100,120,80,130,210
"17 Värmlands län","Majs till grönfoder","Totalskörd, ton","Värde",..,..,..,..,..
"17 Värmlands län","Andra ettåriga grödor till grönfoder","Areal, hektar","Värde",1050,1000,910,930,970
"17 Värmlands län","Andra ettåriga grödor till grönfoder","Totalskörd, ton","Värde",..,..,..,..,..
"17 Värmlands län","Oljelin","Areal, hektar","Värde",..,..,..,..,..
"17 Värmlands län","Oljelin","Totalskörd, ton","Värde",..,..,..,..,..
"17 Värmlands län","Matpotatis","Areal, hektar","Värde",190,180,160,140,150
"17 Värmlands län","Matpotatis","Totalskörd, ton","Värde",4100,4000,..,..,2800
"17 Värmlands län","Potatis för stärkelse","Areal, hektar","Värde",..,..,..,..,..
"17 Värmlands län","Potatis för stärkelse","Totalskörd, ton","Värde",..,..,..,..,..
"17 Värmlands län","Sockerbetor","Areal, hektar","Värde",..,..,..,..,..
"17 Värmlands län","Sockerbetor","Totalskörd, ton","Värde",..,..,..,..,..
"17 Värmlands län","Slåttervall, första skörd","Areal, hektar","Värde",39660,40550,47440,43070,41430
"17 Värmlands län","Slåttervall, första skörd","Totalskörd, ton","Värde",125000,118700,80600,134500,115000
"17 Värmlands län","Slåttervall, återväxt","Areal, hektar","Värde",.,.,.,.,.
"17 Värmlands län","Slåttervall, återväxt","Totalskörd, ton","Värde",67300,56100,59700,92900,83700
"17 Värmlands län","Slåttervall, total vallskörd","Areal, hektar","Värde",.,.,.,.,.
"17 Värmlands län","Slåttervall, total vallskörd","Totalskörd, ton","Värde",192300,174800,140300,227400,198700
"18 Örebro län","Höstvete","Areal, hektar","Värde",19590,19150,21150,16890,21580
"18 Örebro län","Höstvete","Totalskörd, ton","Värde",120900,125900,117300,107800,159600
"18 Örebro län","Vårvete","Areal, hektar","Värde",3540,4300,5150,5930,4460
"18 Örebro län","Vårvete","Totalskörd, ton","Värde",14900,23500,17600,27500,23600
"18 Örebro län","Råg","Areal, hektar","Värde",580,590,790,490,480
"18 Örebro län","Råg","Totalskörd, ton","Värde",..,..,..,..,..
"18 Örebro län","Höstkorn","Areal, hektar","Värde",1290,940,590,330,450
"18 Örebro län","Höstkorn","Totalskörd, ton","Värde",6500,5000,..,..,..
"18 Örebro län","Vårkorn","Areal, hektar","Värde",10830,10590,10430,13090,10680
"18 Örebro län","Vårkorn","Totalskörd, ton","Värde",37500,52600,30000,65600,61800
"18 Örebro län","Havre","Areal, hektar","Värde",12770,11430,10700,12600,10540
"18 Örebro län","Havre","Totalskörd, ton","Värde",41700,52500,29900,54000,54900
"18 Örebro län","Rågvete","Areal, hektar","Värde",960,1250,1430,860,1210
"18 Örebro län","Rågvete","Totalskörd, ton","Värde",4000,6500,5200,3700,6600
"18 Örebro län","Höstrågvete","Areal, hektar","Värde",860,1030,1140,530,1000
"18 Örebro län","Höstrågvete","Totalskörd, ton","Värde",3700,..,4400,..,5700
"18 Örebro län","Vårrågvete","Areal, hektar","Värde",100,210,290,340,210
"18 Örebro län","Vårrågvete","Totalskörd, ton","Värde",..,..,..,..,..
"18 Örebro län","Blandsäd","Areal, hektar","Värde",580,80,120,360,40
"18 Örebro län","Blandsäd","Totalskörd, ton","Värde",..,..,..,..,..
"18 Örebro län","Majs","Areal, hektar","Värde",..,..,..,..,..
"18 Örebro län","Majs","Totalskörd, ton","Värde",..,..,..,..,..
"18 Örebro län","Spannmål totalt","Areal, hektar","Värde",50150,48320,50350,50560,49430
"18 Örebro län","Spannmål totalt","Totalskörd, ton","Värde",229000,268600,205300,263200,312500
"18 Örebro län","Ärter","Areal, hektar","Värde",980,1110,1140,1170,1100
"18 Örebro län","Ärter","Totalskörd, ton","Värde",2200,4000,2300,3900,4000
"18 Örebro län","Åkerbönor","Areal, hektar","Värde",550,590,350,150,270
"18 Örebro län","Åkerbönor","Totalskörd, ton","Värde",1300,..,..,..,..
"18 Örebro län","Höstraps","Areal, hektar","Värde",3380,3540,3290,490,3010
"18 Örebro län","Höstraps","Totalskörd, ton","Värde",10900,10100,9600,..,13600
"18 Örebro län","Vårraps","Areal, hektar","Värde",390,890,720,1780,1340
"18 Örebro län","Vårraps","Totalskörd, ton","Värde",..,2100,..,5100,3800
"18 Örebro län","Höstrybs","Areal, hektar","Värde",30,30,..,..,..
"18 Örebro län","Höstrybs","Totalskörd, ton","Värde",..,..,..,..,..
"18 Örebro län","Vårrybs","Areal, hektar","Värde",..,..,30,40,20
"18 Örebro län","Vårrybs","Totalskörd, ton","Värde",..,..,..,..,..
"18 Örebro län","Stråsädesgrödor (exkl. majs) till grönfoder","Areal, hektar","Värde",870,980,1330,810,1470
"18 Örebro län","Stråsädesgrödor (exkl. majs) till grönfoder","Totalskörd, ton","Värde",..,..,..,..,..
"18 Örebro län","Majs till grönfoder","Areal, hektar","Värde",30,30,100,240,310
"18 Örebro län","Majs till grönfoder","Totalskörd, ton","Värde",..,..,..,..,..
"18 Örebro län","Andra ettåriga grödor till grönfoder","Areal, hektar","Värde",150,190,210,150,220
"18 Örebro län","Andra ettåriga grödor till grönfoder","Totalskörd, ton","Värde",..,..,..,..,..
"18 Örebro län","Oljelin","Areal, hektar","Värde",170,260,80,120,190
"18 Örebro län","Oljelin","Totalskörd, ton","Värde",..,..,..,..,..
"18 Örebro län","Matpotatis","Areal, hektar","Värde",420,420,400,340,380
"18 Örebro län","Matpotatis","Totalskörd, ton","Värde",11900,15900,10600,..,..
"18 Örebro län","Potatis för stärkelse","Areal, hektar","Värde",10,..,..,..,..
"18 Örebro län","Potatis för stärkelse","Totalskörd, ton","Värde",..,..,..,..,..
"18 Örebro län","Sockerbetor","Areal, hektar","Värde",..,..,..,..,..
"18 Örebro län","Sockerbetor","Totalskörd, ton","Värde",..,..,..,..,..
"18 Örebro län","Slåttervall, första skörd","Areal, hektar","Värde",21480,18820,25160,26240,25310
"18 Örebro län","Slåttervall, första skörd","Totalskörd, ton","Värde",59700,55400,47700,65300,86100
"18 Örebro län","Slåttervall, återväxt","Areal, hektar","Värde",.,.,.,.,.
"18 Örebro län","Slåttervall, återväxt","Totalskörd, ton","Värde",31400,..,58200,..,58300
"18 Örebro län","Slåttervall, total vallskörd","Areal, hektar","Värde",.,.,.,.,.
"18 Örebro län","Slåttervall, total vallskörd","Totalskörd, ton","Värde",91100,88900,105900,115100,144400
"19 Västmanlands län","Höstvete","Areal, hektar","Värde",24020,22300,24330,13510,25940
"19 Västmanlands län","Höstvete","Totalskörd, ton","Värde",142400,132200,85500,69200,182500
"19 Västmanlands län","Vårvete","Areal, hektar","Värde",4040,3970,4470,6500,4180
"19 Västmanlands län","Vårvete","Totalskörd, ton","Värde",13600,19000,7700,21100,19500
"19 Västmanlands län","Råg","Areal, hektar","Värde",180,260,460,200,590
"19 Västmanlands län","Råg","Totalskörd, ton","Värde",..,..,..,..,..
"19 Västmanlands län","Höstkorn","Areal, hektar","Värde",590,510,380,120,500
"19 Västmanlands län","Höstkorn","Totalskörd, ton","Värde",..,..,..,..,..
"19 Västmanlands län","Vårkorn","Areal, hektar","Värde",12370,12380,12630,16650,10550
"19 Västmanlands län","Vårkorn","Totalskörd, ton","Värde",35400,63400,25000,56500,57500
"19 Västmanlands län","Havre","Areal, hektar","Värde",12160,12640,11670,14330,11610
"19 Västmanlands län","Havre","Totalskörd, ton","Värde",36100,59200,27700,52500,52700
"19 Västmanlands län","Rågvete","Areal, hektar","Värde",610,770,750,530,1080
"19 Västmanlands län","Rågvete","Totalskörd, ton","Värde",..,..,..,..,6400
"19 Västmanlands län","Höstrågvete","Areal, hektar","Värde",600,740,660,410,900
"19 Västmanlands län","Höstrågvete","Totalskörd, ton","Värde",..,..,..,..,5900
"19 Västmanlands län","Vårrågvete","Areal, hektar","Värde",..,..,90,130,180
"19 Västmanlands län","Vårrågvete","Totalskörd, ton","Värde",..,..,..,..,..
"19 Västmanlands län","Blandsäd","Areal, hektar","Värde",270,300,130,200,210
"19 Västmanlands län","Blandsäd","Totalskörd, ton","Värde",..,..,..,..,..
"19 Västmanlands län","Majs","Areal, hektar","Värde",..,..,..,10,..
"19 Västmanlands län","Majs","Totalskörd, ton","Värde",..,..,..,..,..
"19 Västmanlands län","Spannmål totalt","Areal, hektar","Värde",54240,53140,54820,52060,54650
"19 Västmanlands län","Spannmål totalt","Totalskörd, ton","Värde",235700,281900,149700,203400,325600
"19 Västmanlands län","Ärter","Areal, hektar","Värde",1750,2450,2740,2960,2960
"19 Västmanlands län","Ärter","Totalskörd, ton","Värde",3500,8900,3400,9100,9400
"19 Västmanlands län","Åkerbönor","Areal, hektar","Värde",1010,1310,1100,800,720
"19 Västmanlands län","Åkerbönor","Totalskörd, ton","Värde",2000,4000,1900,2400,..
"19 Västmanlands län","Höstraps","Areal, hektar","Värde",2020,1480,1560,290,1570
"19 Västmanlands län","Höstraps","Totalskörd, ton","Värde",5800,2300,2300,..,6300
"19 Västmanlands län","Vårraps","Areal, hektar","Värde",730,1580,1110,2190,1950
"19 Västmanlands län","Vårraps","Totalskörd, ton","Värde",1100,4100,2000,6100,5200
"19 Västmanlands län","Höstrybs","Areal, hektar","Värde",300,60,20,..,140
"19 Västmanlands län","Höstrybs","Totalskörd, ton","Värde",..,..,..,..,..
"19 Västmanlands län","Vårrybs","Areal, hektar","Värde",60,70,..,..,..
"19 Västmanlands län","Vårrybs","Totalskörd, ton","Värde",..,..,..,..,..
"19 Västmanlands län","Stråsädesgrödor (exkl. majs) till grönfoder","Areal, hektar","Värde",700,330,1810,1010,270
"19 Västmanlands län","Stråsädesgrödor (exkl. majs) till grönfoder","Totalskörd, ton","Värde",..,..,..,..,..
"19 Västmanlands län","Majs till grönfoder","Areal, hektar","Värde",80,50,150,390,530
"19 Västmanlands län","Majs till grönfoder","Totalskörd, ton","Värde",..,..,..,..,..
"19 Västmanlands län","Andra ettåriga grödor till grönfoder","Areal, hektar","Värde",240,130,340,230,300
"19 Västmanlands län","Andra ettåriga grödor till grönfoder","Totalskörd, ton","Värde",..,..,..,..,..
"19 Västmanlands län","Oljelin","Areal, hektar","Värde",450,680,340,220,200
"19 Västmanlands län","Oljelin","Totalskörd, ton","Värde",..,..,..,..,..
"19 Västmanlands län","Matpotatis","Areal, hektar","Värde",10,10,10,10,10
"19 Västmanlands län","Matpotatis","Totalskörd, ton","Värde",..,..,..,..,..
"19 Västmanlands län","Potatis för stärkelse","Areal, hektar","Värde",..,..,..,..,..
"19 Västmanlands län","Potatis för stärkelse","Totalskörd, ton","Värde",..,..,..,..,..
"19 Västmanlands län","Sockerbetor","Areal, hektar","Värde",..,..,..,..,..
"19 Västmanlands län","Sockerbetor","Totalskörd, ton","Värde",..,..,..,..,..
"19 Västmanlands län","Slåttervall, första skörd","Areal, hektar","Värde",..,14420,..,..,..
"19 Västmanlands län","Slåttervall, första skörd","Totalskörd, ton","Värde",..,31700,..,..,..
"19 Västmanlands län","Slåttervall, återväxt","Areal, hektar","Värde",.,.,.,.,.
"19 Västmanlands län","Slåttervall, återväxt","Totalskörd, ton","Värde",..,..,..,..,..
"19 Västmanlands län","Slåttervall, total vallskörd","Areal, hektar","Värde",.,.,.,.,.
"19 Västmanlands län","Slåttervall, total vallskörd","Totalskörd, ton","Värde",..,50900,..,..,..
"20 Dalarnas län","Höstvete","Areal, hektar","Värde",3590,3470,3690,1710,3250
"20 Dalarnas län","Höstvete","Totalskörd, ton","Värde",18900,14700,9000,8700,15600
"20 Dalarnas län","Vårvete","Areal, hektar","Värde",1260,1400,1580,1950,1810
"20 Dalarnas län","Vårvete","Totalskörd, ton","Värde",3000,4300,3000,5900,6100
"20 Dalarnas län","Råg","Areal, hektar","Värde",570,510,550,260,570
"20 Dalarnas län","Råg","Totalskörd, ton","Värde",..,..,..,..,..
"20 Dalarnas län","Höstkorn","Areal, hektar","Värde",60,90,70,40,20
"20 Dalarnas län","Höstkorn","Totalskörd, ton","Värde",..,..,..,..,..
"20 Dalarnas län","Vårkorn","Areal, hektar","Värde",5870,6160,6640,6820,6540
"20 Dalarnas län","Vårkorn","Totalskörd, ton","Värde",16800,23500,15400,28200,26200
"20 Dalarnas län","Havre","Areal, hektar","Värde",6330,5840,5710,6470,5970
"20 Dalarnas län","Havre","Totalskörd, ton","Värde",19300,25200,16200,24300,24800
"20 Dalarnas län","Rågvete","Areal, hektar","Värde",120,90,120,60,100
"20 Dalarnas län","Rågvete","Totalskörd, ton","Värde",..,..,..,..,..
"20 Dalarnas län","Höstrågvete","Areal, hektar","Värde",110,90,110,30,100
"20 Dalarnas län","Höstrågvete","Totalskörd, ton","Värde",..,..,..,..,..
"20 Dalarnas län","Vårrågvete","Areal, hektar","Värde",..,..,..,40,..
"20 Dalarnas län","Vårrågvete","Totalskörd, ton","Värde",..,..,..,..,..
"20 Dalarnas län","Blandsäd","Areal, hektar","Värde",200,420,310,270,230
"20 Dalarnas län","Blandsäd","Totalskörd, ton","Värde",..,..,..,..,..
"20 Dalarnas län","Majs","Areal, hektar","Värde",..,..,..,..,..
"20 Dalarnas län","Majs","Totalskörd, ton","Värde",..,..,..,..,..
"20 Dalarnas län","Spannmål totalt","Areal, hektar","Värde",17990,17980,18670,17580,18490
"20 Dalarnas län","Spannmål totalt","Totalskörd, ton","Värde",61700,71800,46600,69700,77500
"20 Dalarnas län","Ärter","Areal, hektar","Värde",440,600,770,680,830
"20 Dalarnas län","Ärter","Totalskörd, ton","Värde",..,2000,1100,1900,1400
"20 Dalarnas län","Åkerbönor","Areal, hektar","Värde",10,120,170,90,..
"20 Dalarnas län","Åkerbönor","Totalskörd, ton","Värde",..,..,..,..,..
"20 Dalarnas län","Höstraps","Areal, hektar","Värde",480,250,110,..,220
"20 Dalarnas län","Höstraps","Totalskörd, ton","Värde",1500,..,..,..,..
"20 Dalarnas län","Vårraps","Areal, hektar","Värde",..,130,110,170,190
"20 Dalarnas län","Vårraps","Totalskörd, ton","Värde",..,..,..,..,..
"20 Dalarnas län","Höstrybs","Areal, hektar","Värde",70,..,..,..,30
"20 Dalarnas län","Höstrybs","Totalskörd, ton","Värde",..,..,..,..,..
"20 Dalarnas län","Vårrybs","Areal, hektar","Värde",180,440,360,250,210
"20 Dalarnas län","Vårrybs","Totalskörd, ton","Värde",..,..,..,..,..
"20 Dalarnas län","Stråsädesgrödor (exkl. majs) till grönfoder","Areal, hektar","Värde",1210,690,970,1200,730
"20 Dalarnas län","Stråsädesgrödor (exkl. majs) till grönfoder","Totalskörd, ton","Värde",..,..,..,4100,..
"20 Dalarnas län","Majs till grönfoder","Areal, hektar","Värde",..,..,..,60,140
"20 Dalarnas län","Majs till grönfoder","Totalskörd, ton","Värde",..,..,..,..,..
"20 Dalarnas län","Andra ettåriga grödor till grönfoder","Areal, hektar","Värde",810,600,850,820,840
"20 Dalarnas län","Andra ettåriga grödor till grönfoder","Totalskörd, ton","Värde",..,..,..,..,..
"20 Dalarnas län","Oljelin","Areal, hektar","Värde",..,..,..,..,..
"20 Dalarnas län","Oljelin","Totalskörd, ton","Värde",..,..,..,..,..
"20 Dalarnas län","Matpotatis","Areal, hektar","Värde",800,830,740,630,760
"20 Dalarnas län","Matpotatis","Totalskörd, ton","Värde",23100,25800,19700,18800,22000
"20 Dalarnas län","Potatis för stärkelse","Areal, hektar","Värde",..,..,..,..,..
"20 Dalarnas län","Potatis för stärkelse","Totalskörd, ton","Värde",..,..,..,..,..
"20 Dalarnas län","Sockerbetor","Areal, hektar","Värde",..,..,..,..,..
"20 Dalarnas län","Sockerbetor","Totalskörd, ton","Värde",..,..,..,..,..
"20 Dalarnas län","Slåttervall, första skörd","Areal, hektar","Värde",24050,23210,24510,18420,27500
"20 Dalarnas län","Slåttervall, första skörd","Totalskörd, ton","Värde",79100,53700,41500,57700,72000
"20 Dalarnas län","Slåttervall, återväxt","Areal, hektar","Värde",.,.,.,.,.
"20 Dalarnas län","Slåttervall, återväxt","Totalskörd, ton","Värde",47400,..,46200,45200,49000
"20 Dalarnas län","Slåttervall, total vallskörd","Areal, hektar","Värde",.,.,.,.,.
"20 Dalarnas län","Slåttervall, total vallskörd","Totalskörd, ton","Värde",126500,91900,87700,102900,121000
"21 Gävleborgs län","Höstvete","Areal, hektar","Värde",1390,1460,1150,260,1140
"21 Gävleborgs län","Höstvete","Totalskörd, ton","Värde",6200,5700,2000,..,5600
"21 Gävleborgs län","Vårvete","Areal, hektar","Värde",1840,1570,2330,2080,2290
"21 Gävleborgs län","Vårvete","Totalskörd, ton","Värde",6200,5700,3900,6400,9400
"21 Gävleborgs län","Råg","Areal, hektar","Värde",60,60,60,30,40
"21 Gävleborgs län","Råg","Totalskörd, ton","Värde",..,..,..,..,..
"21 Gävleborgs län","Höstkorn","Areal, hektar","Värde",10,20,10,10,30
"21 Gävleborgs län","Höstkorn","Totalskörd, ton","Värde",..,..,..,..,..
"21 Gävleborgs län","Vårkorn","Areal, hektar","Värde",8660,8510,8440,8430,8490
"21 Gävleborgs län","Vårkorn","Totalskörd, ton","Värde",25100,28900,16900,29100,35200
"21 Gävleborgs län","Havre","Areal, hektar","Värde",3580,3450,3420,3680,3260
"21 Gävleborgs län","Havre","Totalskörd, ton","Värde",10200,12700,6700,10400,11300
"21 Gävleborgs län","Rågvete","Areal, hektar","Värde",80,30,40,..,60
"21 Gävleborgs län","Rågvete","Totalskörd, ton","Värde",..,..,..,..,..
"21 Gävleborgs län","Höstrågvete","Areal, hektar","Värde",..,30,40,..,20
"21 Gävleborgs län","Höstrågvete","Totalskörd, ton","Värde",..,..,..,..,..
"21 Gävleborgs län","Vårrågvete","Areal, hektar","Värde",..,..,..,..,..
"21 Gävleborgs län","Vårrågvete","Totalskörd, ton","Värde",..,..,..,..,..
"21 Gävleborgs län","Blandsäd","Areal, hektar","Värde",150,150,120,260,280
"21 Gävleborgs län","Blandsäd","Totalskörd, ton","Värde",..,..,..,..,..
"21 Gävleborgs län","Majs","Areal, hektar","Värde",..,..,..,..,..
"21 Gävleborgs län","Majs","Totalskörd, ton","Värde",..,..,..,..,..
"21 Gävleborgs län","Spannmål totalt","Areal, hektar","Värde",15770,15240,15570,14760,15590
"21 Gävleborgs län","Spannmål totalt","Totalskörd, ton","Värde",48100,53600,29800,47600,63000
"21 Gävleborgs län","Ärter","Areal, hektar","Värde",200,310,320,170,210
"21 Gävleborgs län","Ärter","Totalskörd, ton","Värde",..,..,..,..,..
"21 Gävleborgs län","Åkerbönor","Areal, hektar","Värde",..,..,70,30,..
"21 Gävleborgs län","Åkerbönor","Totalskörd, ton","Värde",..,..,..,..,..
"21 Gävleborgs län","Höstraps","Areal, hektar","Värde",70,..,..,..,..
"21 Gävleborgs län","Höstraps","Totalskörd, ton","Värde",..,..,..,..,..
"21 Gävleborgs län","Vårraps","Areal, hektar","Värde",..,90,110,..,60
"21 Gävleborgs län","Vårraps","Totalskörd, ton","Värde",..,..,..,..,..
"21 Gävleborgs län","Höstrybs","Areal, hektar","Värde",40,..,..,..,..
"21 Gävleborgs län","Höstrybs","Totalskörd, ton","Värde",..,..,..,..,..
"21 Gävleborgs län","Vårrybs","Areal, hektar","Värde",410,470,330,270,230
"21 Gävleborgs län","Vårrybs","Totalskörd, ton","Värde",..,700,..,..,..
"21 Gävleborgs län","Stråsädesgrödor (exkl. majs) till grönfoder","Areal, hektar","Värde",1080,1370,1580,1440,1790
"21 Gävleborgs län","Stråsädesgrödor (exkl. majs) till grönfoder","Totalskörd, ton","Värde",1900,3000,4000,3700,..
"21 Gävleborgs län","Majs till grönfoder","Areal, hektar","Värde",..,..,0,50,310
"21 Gävleborgs län","Majs till grönfoder","Totalskörd, ton","Värde",..,..,..,..,..
"21 Gävleborgs län","Andra ettåriga grödor till grönfoder","Areal, hektar","Värde",2340,1770,2040,2020,2120
"21 Gävleborgs län","Andra ettåriga grödor till grönfoder","Totalskörd, ton","Värde",6000,..,5000,7000,11400
"21 Gävleborgs län","Oljelin","Areal, hektar","Värde",..,..,..,..,..
"21 Gävleborgs län","Oljelin","Totalskörd, ton","Värde",..,..,..,..,..
"21 Gävleborgs län","Matpotatis","Areal, hektar","Värde",120,130,110,70,80
"21 Gävleborgs län","Matpotatis","Totalskörd, ton","Värde",..,..,..,..,..
"21 Gävleborgs län","Potatis för stärkelse","Areal, hektar","Värde",..,..,..,..,..
"21 Gävleborgs län","Potatis för stärkelse","Totalskörd, ton","Värde",..,..,..,..,..
"21 Gävleborgs län","Sockerbetor","Areal, hektar","Värde",..,..,..,..,..
"21 Gävleborgs län","Sockerbetor","Totalskörd, ton","Värde",..,..,..,..,..
"21 Gävleborgs län","Slåttervall, första skörd","Areal, hektar","Värde",35150,32510,31080,36050,34660
"21 Gävleborgs län","Slåttervall, första skörd","Totalskörd, ton","Värde",103300,86000,71200,92400,111700
"21 Gävleborgs län","Slåttervall, återväxt","Areal, hektar","Värde",.,.,.,.,.
"21 Gävleborgs län","Slåttervall, återväxt","Totalskörd, ton","Värde",46300,54200,68800,72000,82300
"21 Gävleborgs län","Slåttervall, total vallskörd","Areal, hektar","Värde",.,.,.,.,.
"21 Gävleborgs län","Slåttervall, total vallskörd","Totalskörd, ton","Värde",149600,140200,140000,164400,194000
"22 Västernorrlands län","Höstvete","Areal, hektar","Värde",140,130,150,..,130
"22 Västernorrlands län","Höstvete","Totalskörd, ton","Värde",..,..,..,..,..
"22 Västernorrlands län","Vårvete","Areal, hektar","Värde",270,260,340,360,460
"22 Västernorrlands län","Vårvete","Totalskörd, ton","Värde",..,..,..,..,..
"22 Västernorrlands län","Råg","Areal, hektar","Värde",0,0,..,..,10
"22 Västernorrlands län","Råg","Totalskörd, ton","Värde",..,..,..,..,..
"22 Västernorrlands län","Höstkorn","Areal, hektar","Värde",..,..,..,..,..
"22 Västernorrlands län","Höstkorn","Totalskörd, ton","Värde",..,..,..,..,..
"22 Västernorrlands län","Vårkorn","Areal, hektar","Värde",2800,2720,2700,2540,2940
"22 Västernorrlands län","Vårkorn","Totalskörd, ton","Värde",6700,7700,6000,8000,8200
"22 Västernorrlands län","Havre","Areal, hektar","Värde",370,440,350,370,220
"22 Västernorrlands län","Havre","Totalskörd, ton","Värde",..,..,..,..,..
"22 Västernorrlands län","Rågvete","Areal, hektar","Värde",..,..,10,..,40
"22 Västernorrlands län","Rågvete","Totalskörd, ton","Värde",..,..,..,..,..
"22 Västernorrlands län","Höstrågvete","Areal, hektar","Värde",..,..,..,..,..
"22 Västernorrlands län","Höstrågvete","Totalskörd, ton","Värde",..,..,..,..,..
"22 Västernorrlands län","Vårrågvete","Areal, hektar","Värde",..,..,..,..,..
"22 Västernorrlands län","Vårrågvete","Totalskörd, ton","Värde",..,..,..,..,..
"22 Västernorrlands län","Blandsäd","Areal, hektar","Värde",80,270,40,80,90
"22 Västernorrlands län","Blandsäd","Totalskörd, ton","Värde",..,..,..,..,..
"22 Västernorrlands län","Majs","Areal, hektar","Värde",..,..,..,..,..
"22 Västernorrlands län","Majs","Totalskörd, ton","Värde",..,..,..,..,..
"22 Västernorrlands län","Spannmål totalt","Areal, hektar","Värde",3670,3830,3600,3380,3880
"22 Västernorrlands län","Spannmål totalt","Totalskörd, ton","Värde",9000,11400,7800,10600,11700
"22 Västernorrlands län","Ärter","Areal, hektar","Värde",..,..,..,..,..
"22 Västernorrlands län","Ärter","Totalskörd, ton","Värde",..,..,..,..,..
"22 Västernorrlands län","Åkerbönor","Areal, hektar","Värde",..,..,..,..,..
"22 Västernorrlands län","Åkerbönor","Totalskörd, ton","Värde",..,..,..,..,..
"22 Västernorrlands län","Höstraps","Areal, hektar","Värde",..,..,..,..,..
"22 Västernorrlands län","Höstraps","Totalskörd, ton","Värde",..,..,..,..,..
"22 Västernorrlands län","Vårraps","Areal, hektar","Värde",..,..,..,..,..
"22 Västernorrlands län","Vårraps","Totalskörd, ton","Värde",..,..,..,..,..
"22 Västernorrlands län","Höstrybs","Areal, hektar","Värde",..,..,..,..,..
"22 Västernorrlands län","Höstrybs","Totalskörd, ton","Värde",..,..,..,..,..
"22 Västernorrlands län","Vårrybs","Areal, hektar","Värde",80,180,170,150,50
"22 Västernorrlands län","Vårrybs","Totalskörd, ton","Värde",..,..,..,..,..
"22 Västernorrlands län","Stråsädesgrödor (exkl. majs) till grönfoder","Areal, hektar","Värde",1630,910,1230,890,870
"22 Västernorrlands län","Stråsädesgrödor (exkl. majs) till grönfoder","Totalskörd, ton","Värde",3700,2700,2800,2400,1900
"22 Västernorrlands län","Majs till grönfoder","Areal, hektar","Värde",..,..,..,..,90
"22 Västernorrlands län","Majs till grönfoder","Totalskörd, ton","Värde",..,..,..,..,..
"22 Västernorrlands län","Andra ettåriga grödor till grönfoder","Areal, hektar","Värde",1370,1540,1510,1540,1440
"22 Västernorrlands län","Andra ettåriga grödor till grönfoder","Totalskörd, ton","Värde",..,..,..,6100,..
"22 Västernorrlands län","Oljelin","Areal, hektar","Värde",..,..,..,..,..
"22 Västernorrlands län","Oljelin","Totalskörd, ton","Värde",..,..,..,..,..
"22 Västernorrlands län","Matpotatis","Areal, hektar","Värde",140,130,120,120,130
"22 Västernorrlands län","Matpotatis","Totalskörd, ton","Värde",..,..,..,..,..
"22 Västernorrlands län","Potatis för stärkelse","Areal, hektar","Värde",0,0,..,..,..
"22 Västernorrlands län","Potatis för stärkelse","Totalskörd, ton","Värde",..,..,..,..,..
"22 Västernorrlands län","Sockerbetor","Areal, hektar","Värde",..,..,..,..,..
"22 Västernorrlands län","Sockerbetor","Totalskörd, ton","Värde",..,..,..,..,..
"22 Västernorrlands län","Slåttervall, första skörd","Areal, hektar","Värde",25910,28310,27740,32220,30860
"22 Västernorrlands län","Slåttervall, första skörd","Totalskörd, ton","Värde",86600,74500,67200,86800,92100
"22 Västernorrlands län","Slåttervall, återväxt","Areal, hektar","Värde",.,.,.,.,.
"22 Västernorrlands län","Slåttervall, återväxt","Totalskörd, ton","Värde",..,..,..,42500,47400
"22 Västernorrlands län","Slåttervall, total vallskörd","Areal, hektar","Värde",.,.,.,.,.
"22 Västernorrlands län","Slåttervall, total vallskörd","Totalskörd, ton","Värde",100600,100300,93000,129300,139400
"23 Jämtlands län","Höstvete","Areal, hektar","Värde",..,..,10,0,50
"23 Jämtlands län","Höstvete","Totalskörd, ton","Värde",..,..,..,..,..
"23 Jämtlands län","Vårvete","Areal, hektar","Värde",10,20,20,50,100
"23 Jämtlands län","Vårvete","Totalskörd, ton","Värde",..,..,..,..,..
"23 Jämtlands län","Råg","Areal, hektar","Värde",0,..,..,..,..
"23 Jämtlands län","Råg","Totalskörd, ton","Värde",..,..,..,..,..
"23 Jämtlands län","Höstkorn","Areal, hektar","Värde",..,..,..,..,..
"23 Jämtlands län","Höstkorn","Totalskörd, ton","Värde",..,..,..,..,..
"23 Jämtlands län","Vårkorn","Areal, hektar","Värde",1580,1770,1570,1150,1430
"23 Jämtlands län","Vårkorn","Totalskörd, ton","Värde",5300,6300,4000,4100,4100
"23 Jämtlands län","Havre","Areal, hektar","Värde",80,50,20,30,40
"23 Jämtlands län","Havre","Totalskörd, ton","Värde",..,..,..,..,..
"23 Jämtlands län","Rågvete","Areal, hektar","Värde",..,..,..,..,..
"23 Jämtlands län","Rågvete","Totalskörd, ton","Värde",..,..,..,..,..
"23 Jämtlands län","Höstrågvete","Areal, hektar","Värde",..,..,..,..,..
"23 Jämtlands län","Höstrågvete","Totalskörd, ton","Värde",..,..,..,..,..
"23 Jämtlands län","Vårrågvete","Areal, hektar","Värde",..,..,..,..,..
"23 Jämtlands län","Vårrågvete","Totalskörd, ton","Värde",..,..,..,..,..
"23 Jämtlands län","Blandsäd","Areal, hektar","Värde",70,80,200,150,200
"23 Jämtlands län","Blandsäd","Totalskörd, ton","Värde",..,..,..,..,..
"23 Jämtlands län","Majs","Areal, hektar","Värde",..,..,..,..,..
"23 Jämtlands län","Majs","Totalskörd, ton","Värde",..,..,..,..,..
"23 Jämtlands län","Spannmål totalt","Areal, hektar","Värde",1750,1910,1830,1400,1840
"23 Jämtlands län","Spannmål totalt","Totalskörd, ton","Värde",5800,6800,4600,4700,5900
"23 Jämtlands län","Ärter","Areal, hektar","Värde",..,..,..,..,..
"23 Jämtlands län","Ärter","Totalskörd, ton","Värde",..,..,..,..,..
"23 Jämtlands län","Åkerbönor","Areal, hektar","Värde",..,..,..,..,..
"23 Jämtlands län","Åkerbönor","Totalskörd, ton","Värde",..,..,..,..,..
"23 Jämtlands län","Höstraps","Areal, hektar","Värde",..,..,..,..,..
"23 Jämtlands län","Höstraps","Totalskörd, ton","Värde",..,..,..,..,..
"23 Jämtlands län","Vårraps","Areal, hektar","Värde",..,..,..,..,..
"23 Jämtlands län","Vårraps","Totalskörd, ton","Värde",..,..,..,..,..
"23 Jämtlands län","Höstrybs","Areal, hektar","Värde",..,..,..,..,..
"23 Jämtlands län","Höstrybs","Totalskörd, ton","Värde",..,..,..,..,..
"23 Jämtlands län","Vårrybs","Areal, hektar","Värde",20,10,..,10,..
"23 Jämtlands län","Vårrybs","Totalskörd, ton","Värde",..,..,..,..,..
"23 Jämtlands län","Stråsädesgrödor (exkl. majs) till grönfoder","Areal, hektar","Värde",1250,1120,990,1310,1040
"23 Jämtlands län","Stråsädesgrödor (exkl. majs) till grönfoder","Totalskörd, ton","Värde",3500,4100,2800,5400,3200
"23 Jämtlands län","Majs till grönfoder","Areal, hektar","Värde",..,..,..,..,..
"23 Jämtlands län","Majs till grönfoder","Totalskörd, ton","Värde",..,..,..,..,..
"23 Jämtlands län","Andra ettåriga grödor till grönfoder","Areal, hektar","Värde",1850,1810,1870,1830,1750
"23 Jämtlands län","Andra ettåriga grödor till grönfoder","Totalskörd, ton","Värde",5800,5500,8700,6400,7100
"23 Jämtlands län","Oljelin","Areal, hektar","Värde",..,..,..,..,..
"23 Jämtlands län","Oljelin","Totalskörd, ton","Värde",..,..,..,..,..
"23 Jämtlands län","Matpotatis","Areal, hektar","Värde",110,110,100,90,90
"23 Jämtlands län","Matpotatis","Totalskörd, ton","Värde",..,..,..,..,..
"23 Jämtlands län","Potatis för stärkelse","Areal, hektar","Värde",..,..,..,..,..
"23 Jämtlands län","Potatis för stärkelse","Totalskörd, ton","Värde",..,..,..,..,..
"23 Jämtlands län","Sockerbetor","Areal, hektar","Värde",..,..,..,..,..
"23 Jämtlands län","Sockerbetor","Totalskörd, ton","Värde",..,..,..,..,..
"23 Jämtlands län","Slåttervall, första skörd","Areal, hektar","Värde",26830,26950,27530,27930,27630
"23 Jämtlands län","Slåttervall, första skörd","Totalskörd, ton","Värde",71800,83500,58800,49900,79900
"23 Jämtlands län","Slåttervall, återväxt","Areal, hektar","Värde",.,.,.,.,.
"23 Jämtlands län","Slåttervall, återväxt","Totalskörd, ton","Värde",38100,..,35800,52500,..
"23 Jämtlands län","Slåttervall, total vallskörd","Areal, hektar","Värde",.,.,.,.,.
"23 Jämtlands län","Slåttervall, total vallskörd","Totalskörd, ton","Värde",109900,111400,94600,102400,117900
"24 Västerbottens län","Höstvete","Areal, hektar","Värde",..,10,..,20,60
"24 Västerbottens län","Höstvete","Totalskörd, ton","Värde",..,..,..,..,..
"24 Västerbottens län","Vårvete","Areal, hektar","Värde",200,230,420,910,1130
"24 Västerbottens län","Vårvete","Totalskörd, ton","Värde",..,..,..,2900,4100
"24 Västerbottens län","Råg","Areal, hektar","Värde",..,..,..,..,..
"24 Västerbottens län","Råg","Totalskörd, ton","Värde",..,..,..,..,..
"24 Västerbottens län","Höstkorn","Areal, hektar","Värde",..,..,..,..,..
"24 Västerbottens län","Höstkorn","Totalskörd, ton","Värde",..,..,..,..,..
"24 Västerbottens län","Vårkorn","Areal, hektar","Värde",7150,6820,7430,6190,6510
"24 Västerbottens län","Vårkorn","Totalskörd, ton","Värde",19200,22800,20600,17600,21000
"24 Västerbottens län","Havre","Areal, hektar","Värde",360,520,440,550,490
"24 Västerbottens län","Havre","Totalskörd, ton","Värde",900,1900,1000,1800,1500
"24 Västerbottens län","Rågvete","Areal, hektar","Värde",..,..,..,..,..
"24 Västerbottens län","Rågvete","Totalskörd, ton","Värde",..,..,..,..,..
"24 Västerbottens län","Höstrågvete","Areal, hektar","Värde",..,..,..,..,..
"24 Västerbottens län","Höstrågvete","Totalskörd, ton","Värde",..,..,..,..,..
"24 Västerbottens län","Vårrågvete","Areal, hektar","Värde",..,..,..,..,..
"24 Västerbottens län","Vårrågvete","Totalskörd, ton","Värde",..,..,..,..,..
"24 Västerbottens län","Blandsäd","Areal, hektar","Värde",300,340,100,170,300
"24 Västerbottens län","Blandsäd","Totalskörd, ton","Värde",..,..,..,..,..
"24 Västerbottens län","Majs","Areal, hektar","Värde",..,..,..,..,..
"24 Västerbottens län","Majs","Totalskörd, ton","Värde",..,..,..,..,..
"24 Västerbottens län","Spannmål totalt","Areal, hektar","Värde",8000,7930,8390,7840,8500
"24 Västerbottens län","Spannmål totalt","Totalskörd, ton","Värde",21500,26700,23300,22900,27900
"24 Västerbottens län","Ärter","Areal, hektar","Värde",..,..,..,..,..
"24 Västerbottens län","Ärter","Totalskörd, ton","Värde",..,..,..,..,..
"24 Västerbottens län","Åkerbönor","Areal, hektar","Värde",..,..,..,..,..
"24 Västerbottens län","Åkerbönor","Totalskörd, ton","Värde",..,..,..,..,..
"24 Västerbottens län","Höstraps","Areal, hektar","Värde",..,..,..,..,..
"24 Västerbottens län","Höstraps","Totalskörd, ton","Värde",..,..,..,..,..
"24 Västerbottens län","Vårraps","Areal, hektar","Värde",..,..,..,..,..
"24 Västerbottens län","Vårraps","Totalskörd, ton","Värde",..,..,..,..,..
"24 Västerbottens län","Höstrybs","Areal, hektar","Värde",..,..,..,..,..
"24 Västerbottens län","Höstrybs","Totalskörd, ton","Värde",..,..,..,..,..
"24 Västerbottens län","Vårrybs","Areal, hektar","Värde",100,90,60,70,70
"24 Västerbottens län","Vårrybs","Totalskörd, ton","Värde",..,..,..,..,..
"24 Västerbottens län","Stråsädesgrödor (exkl. majs) till grönfoder","Areal, hektar","Värde",1340,1370,1220,1320,1150
"24 Västerbottens län","Stråsädesgrödor (exkl. majs) till grönfoder","Totalskörd, ton","Värde",2700,4300,3400,4300,2800
"24 Västerbottens län","Majs till grönfoder","Areal, hektar","Värde",..,..,..,..,..
"24 Västerbottens län","Majs till grönfoder","Totalskörd, ton","Värde",..,..,..,..,..
"24 Västerbottens län","Andra ettåriga grödor till grönfoder","Areal, hektar","Värde",2860,2880,2820,2670,2710
"24 Västerbottens län","Andra ettåriga grödor till grönfoder","Totalskörd, ton","Värde",6800,9300,8900,..,8100
"24 Västerbottens län","Oljelin","Areal, hektar","Värde",..,..,..,..,..
"24 Västerbottens län","Oljelin","Totalskörd, ton","Värde",..,..,..,..,..
"24 Västerbottens län","Matpotatis","Areal, hektar","Värde",220,190,170,170,160
"24 Västerbottens län","Matpotatis","Totalskörd, ton","Värde",4200,3700,..,..,..
"24 Västerbottens län","Potatis för stärkelse","Areal, hektar","Värde",..,..,..,..,..
"24 Västerbottens län","Potatis för stärkelse","Totalskörd, ton","Värde",..,..,..,..,..
"24 Västerbottens län","Sockerbetor","Areal, hektar","Värde",..,..,..,..,..
"24 Västerbottens län","Sockerbetor","Totalskörd, ton","Värde",..,..,..,..,..
"24 Västerbottens län","Slåttervall, första skörd","Areal, hektar","Värde",33890,39600,28650,33140,36600
"24 Västerbottens län","Slåttervall, första skörd","Totalskörd, ton","Värde",95800,111200,54100,73400,96100
"24 Västerbottens län","Slåttervall, återväxt","Areal, hektar","Värde",.,.,.,.,.
"24 Västerbottens län","Slåttervall, återväxt","Totalskörd, ton","Värde",47300,58100,38700,48100,73900
"24 Västerbottens län","Slåttervall, total vallskörd","Areal, hektar","Värde",.,.,.,.,.
"24 Västerbottens län","Slåttervall, total vallskörd","Totalskörd, ton","Värde",143200,169300,92800,121500,170000
"25 Norrbottens län","Höstvete","Areal, hektar","Värde",..,..,..,..,..
"25 Norrbottens län","Höstvete","Totalskörd, ton","Värde",..,..,..,..,..
"25 Norrbottens län","Vårvete","Areal, hektar","Värde",50,80,90,80,110
"25 Norrbottens län","Vårvete","Totalskörd, ton","Värde",..,..,..,..,..
"25 Norrbottens län","Råg","Areal, hektar","Värde",..,..,..,..,..
"25 Norrbottens län","Råg","Totalskörd, ton","Värde",..,..,..,..,..
"25 Norrbottens län","Höstkorn","Areal, hektar","Värde",..,..,..,..,..
"25 Norrbottens län","Höstkorn","Totalskörd, ton","Värde",..,..,..,..,..
"25 Norrbottens län","Vårkorn","Areal, hektar","Värde",2700,2810,2980,2320,2510
"25 Norrbottens län","Vårkorn","Totalskörd, ton","Värde",6200,8600,6900,6600,7400
"25 Norrbottens län","Havre","Areal, hektar","Värde",350,310,300,370,380
"25 Norrbottens län","Havre","Totalskörd, ton","Värde",..,..,..,..,..
"25 Norrbottens län","Rågvete","Areal, hektar","Värde",..,..,..,..,..
"25 Norrbottens län","Rågvete","Totalskörd, ton","Värde",..,..,..,..,..
"25 Norrbottens län","Höstrågvete","Areal, hektar","Värde",..,..,..,..,..
"25 Norrbottens län","Höstrågvete","Totalskörd, ton","Värde",..,..,..,..,..
"25 Norrbottens län","Vårrågvete","Areal, hektar","Värde",..,..,..,..,..
"25 Norrbottens län","Vårrågvete","Totalskörd, ton","Värde",..,..,..,..,..
"25 Norrbottens län","Blandsäd","Areal, hektar","Värde",30,30,40,20,30
"25 Norrbottens län","Blandsäd","Totalskörd, ton","Värde",..,..,..,..,..
"25 Norrbottens län","Majs","Areal, hektar","Värde",..,..,..,..,..
"25 Norrbottens län","Majs","Totalskörd, ton","Värde",..,..,..,..,..
"25 Norrbottens län","Spannmål totalt","Areal, hektar","Värde",3120,3240,3410,2790,3050
"25 Norrbottens län","Spannmål totalt","Totalskörd, ton","Värde",7200,9900,7900,8200,9000
"25 Norrbottens län","Ärter","Areal, hektar","Värde",..,..,..,..,..
"25 Norrbottens län","Ärter","Totalskörd, ton","Värde",..,..,..,..,..
"25 Norrbottens län","Åkerbönor","Areal, hektar","Värde",..,..,..,..,..
"25 Norrbottens län","Åkerbönor","Totalskörd, ton","Värde",..,..,..,..,..
"25 Norrbottens län","Höstraps","Areal, hektar","Värde",..,..,..,..,..
"25 Norrbottens län","Höstraps","Totalskörd, ton","Värde",..,..,..,..,..
"25 Norrbottens län","Vårraps","Areal, hektar","Värde",..,..,..,..,..
"25 Norrbottens län","Vårraps","Totalskörd, ton","Värde",..,..,..,..,..
"25 Norrbottens län","Höstrybs","Areal, hektar","Värde",..,..,..,..,..
"25 Norrbottens län","Höstrybs","Totalskörd, ton","Värde",..,..,..,..,..
"25 Norrbottens län","Vårrybs","Areal, hektar","Värde",70,80,50,40,60
"25 Norrbottens län","Vårrybs","Totalskörd, ton","Värde",..,..,..,..,..
"25 Norrbottens län","Stråsädesgrödor (exkl. majs) till grönfoder","Areal, hektar","Värde",450,580,390,340,450
"25 Norrbottens län","Stråsädesgrödor (exkl. majs) till grönfoder","Totalskörd, ton","Värde",1200,2000,700,1000,..
"25 Norrbottens län","Majs till grönfoder","Areal, hektar","Värde",..,..,..,..,..
"25 Norrbottens län","Majs till grönfoder","Totalskörd, ton","Värde",..,..,..,..,..
"25 Norrbottens län","Andra ettåriga grödor till grönfoder","Areal, hektar","Värde",1190,900,1200,1250,1240
"25 Norrbottens län","Andra ettåriga grödor till grönfoder","Totalskörd, ton","Värde",..,..,..,..,..
"25 Norrbottens län","Oljelin","Areal, hektar","Värde",..,..,..,..,..
"25 Norrbottens län","Oljelin","Totalskörd, ton","Värde",..,..,..,..,..
"25 Norrbottens län","Matpotatis","Areal, hektar","Värde",300,250,230,240,240
"25 Norrbottens län","Matpotatis","Totalskörd, ton","Värde",..,..,..,..,..
"25 Norrbottens län","Potatis för stärkelse","Areal, hektar","Värde",..,..,..,..,..
"25 Norrbottens län","Potatis för stärkelse","Totalskörd, ton","Värde",..,..,..,..,..
"25 Norrbottens län","Sockerbetor","Areal, hektar","Värde",..,..,..,..,..
"25 Norrbottens län","Sockerbetor","Totalskörd, ton","Värde",..,..,..,..,..
"25 Norrbottens län","Slåttervall, första skörd","Areal, hektar","Värde",20790,19070,18280,20170,19630
"25 Norrbottens län","Slåttervall, första skörd","Totalskörd, ton","Värde",58800,52700,47600,29500,44000
"25 Norrbottens län","Slåttervall, återväxt","Areal, hektar","Värde",.,.,.,.,.
"25 Norrbottens län","Slåttervall, återväxt","Totalskörd, ton","Värde",..,..,..,..,..
"25 Norrbottens län","Slåttervall, total vallskörd","Areal, hektar","Värde",.,.,.,.,.
"25 Norrbottens län","Slåttervall, total vallskörd","Totalskörd, ton","Värde",82300,67200,83500,40400,64500
